Treatment assignment,Training sample size,Treatment imbalance,Spatial overlap of test and training data,Meta-learner,Covariate omission,Targeting error mean,Targeting error SD,Targeting error 95% CI,Targeting imprecision mean,Targeting imprecision SD,Targeting imprecision 95% CI,Ranking error mean,Ranking error SD,Ranking error 95% CI,Estimation error mean,Estimation error SD,Estimation error 95% CI,n Virtual studies
Random,250,0.3,Random,S-learner,No omission,0.566,0.265,"[0.490, 0.641]",0.569,0.075,"[0.548, 0.590]",0.408,0.079,"[0.386, 0.431]",7.718,0.358,"[7.616, 7.820]",50
Random,250,0.3,Random,T-learner,No omission,0.637,0.216,"[0.575, 0.698]",0.427,0.067,"[0.408, 0.446]",0.355,0.065,"[0.336, 0.373]",5.633,0.450,"[5.505, 5.761]",50
Random,250,0.3,Random,X-learner,No omission,0.549,0.252,"[0.477, 0.620]",0.483,0.077,"[0.461, 0.505]",0.348,0.069,"[0.328, 0.368]",5.657,0.287,"[5.575, 5.738]",50
Random,250,0.3,Random,DR-learner,No omission,0.556,0.228,"[0.491, 0.620]",0.388,0.050,"[0.374, 0.403]",0.290,0.044,"[0.278, 0.303]",5.119,0.355,"[5.018, 5.220]",50
Random,250,0.3,Core,S-learner,No omission,0.714,0.148,"[0.672, 0.756]",0.576,0.086,"[0.552, 0.601]",0.410,0.082,"[0.387, 0.433]",4.635,0.252,"[4.563, 4.707]",50
Random,250,0.3,Core,T-learner,No omission,0.564,0.268,"[0.488, 0.640]",0.555,0.070,"[0.535, 0.574]",0.444,0.076,"[0.423, 0.466]",4.535,0.702,"[4.335, 4.734]",50
Random,250,0.3,Core,X-learner,No omission,0.465,0.294,"[0.382, 0.549]",0.498,0.084,"[0.474, 0.522]",0.329,0.081,"[0.306, 0.352]",3.779,0.278,"[3.700, 3.858]",50
Random,250,0.3,Core,DR-learner,No omission,0.568,0.243,"[0.499, 0.637]",0.514,0.062,"[0.496, 0.531]",0.379,0.078,"[0.356, 0.401]",4.049,0.592,"[3.880, 4.217]",50
Random,250,0.3,Edge,S-learner,No omission,0.705,0.103,"[0.676, 0.735]",0.585,0.091,"[0.559, 0.610]",0.472,0.172,"[0.423, 0.521]",7.106,0.480,"[6.970, 7.243]",50
Random,250,0.3,Edge,T-learner,No omission,0.624,0.148,"[0.582, 0.666]",0.520,0.081,"[0.497, 0.543]",0.378,0.134,"[0.340, 0.416]",4.237,0.682,"[4.043, 4.430]",50
Random,250,0.3,Edge,X-learner,No omission,0.545,0.239,"[0.477, 0.613]",0.484,0.094,"[0.457, 0.510]",0.328,0.112,"[0.296, 0.360]",3.787,0.318,"[3.697, 3.877]",50
Random,250,0.3,Edge,DR-learner,No omission,0.527,0.236,"[0.460, 0.594]",0.447,0.078,"[0.425, 0.469]",0.275,0.076,"[0.253, 0.297]",3.996,0.695,"[3.798, 4.193]",50
Random,250,0.3,Random,S-learner,Omit covariate,0.543,0.246,"[0.473, 0.613]",0.519,0.088,"[0.494, 0.544]",0.384,0.068,"[0.365, 0.404]",7.757,0.399,"[7.643, 7.870]",50
Random,250,0.3,Random,T-learner,Omit covariate,0.621,0.273,"[0.544, 0.699]",0.484,0.081,"[0.461, 0.507]",0.396,0.073,"[0.376, 0.417]",5.698,0.507,"[5.554, 5.842]",50
Random,250,0.3,Random,X-learner,Omit covariate,0.567,0.281,"[0.487, 0.647]",0.512,0.091,"[0.486, 0.538]",0.375,0.071,"[0.355, 0.396]",5.633,0.389,"[5.523, 5.744]",50
Random,250,0.3,Random,DR-learner,Omit covariate,0.556,0.223,"[0.493, 0.620]",0.416,0.068,"[0.397, 0.436]",0.318,0.055,"[0.302, 0.333]",5.411,0.504,"[5.268, 5.554]",50
Random,250,0.3,Core,S-learner,Omit covariate,0.726,0.116,"[0.693, 0.759]",0.577,0.076,"[0.556, 0.599]",0.411,0.087,"[0.386, 0.435]",4.629,0.282,"[4.549, 4.710]",50
Random,250,0.3,Core,T-learner,Omit covariate,0.554,0.321,"[0.463, 0.645]",0.575,0.089,"[0.549, 0.600]",0.476,0.096,"[0.449, 0.503]",4.528,0.660,"[4.340, 4.715]",50
Random,250,0.3,Core,X-learner,Omit covariate,0.558,0.267,"[0.482, 0.634]",0.531,0.083,"[0.507, 0.555]",0.353,0.084,"[0.329, 0.377]",3.750,0.297,"[3.665, 3.834]",50
Random,250,0.3,Core,DR-learner,Omit covariate,0.579,0.223,"[0.516, 0.642]",0.552,0.069,"[0.532, 0.572]",0.409,0.085,"[0.385, 0.433]",4.374,0.613,"[4.199, 4.548]",50
Random,250,0.3,Edge,S-learner,Omit covariate,0.750,0.125,"[0.714, 0.785]",0.594,0.123,"[0.559, 0.629]",0.478,0.215,"[0.417, 0.539]",7.040,0.557,"[6.882, 7.199]",50
Random,250,0.3,Edge,T-learner,Omit covariate,0.674,0.157,"[0.629, 0.718]",0.535,0.108,"[0.504, 0.565]",0.410,0.129,"[0.373, 0.446]",4.352,0.633,"[4.172, 4.532]",50
Random,250,0.3,Edge,X-learner,Omit covariate,0.686,0.170,"[0.638, 0.735]",0.545,0.087,"[0.520, 0.569]",0.448,0.125,"[0.413, 0.484]",4.139,0.436,"[4.015, 4.263]",50
Random,250,0.3,Edge,DR-learner,Omit covariate,0.624,0.225,"[0.560, 0.688]",0.448,0.108,"[0.418, 0.479]",0.275,0.100,"[0.247, 0.304]",3.909,0.700,"[3.710, 4.108]",50
Random,500,0.3,Random,S-learner,No omission,0.424,0.220,"[0.362, 0.487]",0.503,0.071,"[0.482, 0.523]",0.317,0.061,"[0.300, 0.334]",7.067,0.276,"[6.989, 7.145]",50
Random,500,0.3,Random,T-learner,No omission,0.570,0.256,"[0.497, 0.642]",0.392,0.065,"[0.373, 0.410]",0.273,0.038,"[0.262, 0.284]",5.007,0.324,"[4.915, 5.099]",50
Random,500,0.3,Random,X-learner,No omission,0.459,0.250,"[0.388, 0.530]",0.405,0.074,"[0.384, 0.426]",0.259,0.034,"[0.249, 0.268]",5.172,0.193,"[5.117, 5.227]",50
Random,500,0.3,Random,DR-learner,No omission,0.458,0.219,"[0.395, 0.520]",0.349,0.044,"[0.336, 0.362]",0.228,0.025,"[0.221, 0.235]",4.715,0.311,"[4.627, 4.803]",50
Random,500,0.3,Core,S-learner,No omission,0.676,0.125,"[0.641, 0.712]",0.567,0.080,"[0.545, 0.590]",0.329,0.060,"[0.312, 0.346]",4.188,0.225,"[4.124, 4.252]",50
Random,500,0.3,Core,T-learner,No omission,0.643,0.170,"[0.595, 0.692]",0.510,0.062,"[0.492, 0.528]",0.360,0.051,"[0.345, 0.374]",4.032,0.553,"[3.875, 4.189]",50
Random,500,0.3,Core,X-learner,No omission,0.451,0.221,"[0.388, 0.513]",0.462,0.055,"[0.446, 0.477]",0.267,0.049,"[0.253, 0.281]",3.462,0.281,"[3.382, 3.542]",50
Random,500,0.3,Core,DR-learner,No omission,0.532,0.222,"[0.469, 0.595]",0.489,0.061,"[0.472, 0.507]",0.296,0.043,"[0.283, 0.308]",3.733,0.438,"[3.608, 3.857]",50
Random,500,0.3,Edge,S-learner,No omission,0.696,0.091,"[0.670, 0.722]",0.572,0.075,"[0.550, 0.593]",0.409,0.123,"[0.374, 0.444]",6.430,0.461,"[6.299, 6.561]",50
Random,500,0.3,Edge,T-learner,No omission,0.556,0.190,"[0.502, 0.610]",0.445,0.079,"[0.422, 0.467]",0.287,0.077,"[0.266, 0.309]",3.627,0.402,"[3.513, 3.742]",50
Random,500,0.3,Edge,X-learner,No omission,0.516,0.217,"[0.454, 0.577]",0.415,0.065,"[0.396, 0.433]",0.243,0.068,"[0.224, 0.262]",3.544,0.232,"[3.478, 3.610]",50
Random,500,0.3,Edge,DR-learner,No omission,0.463,0.207,"[0.404, 0.522]",0.399,0.062,"[0.382, 0.417]",0.213,0.045,"[0.200, 0.225]",3.350,0.363,"[3.247, 3.453]",50
Random,500,0.3,Random,S-learner,Omit covariate,0.502,0.224,"[0.438, 0.566]",0.477,0.064,"[0.459, 0.496]",0.321,0.059,"[0.304, 0.337]",7.064,0.337,"[6.969, 7.160]",50
Random,500,0.3,Random,T-learner,Omit covariate,0.638,0.240,"[0.570, 0.707]",0.414,0.065,"[0.395, 0.432]",0.317,0.056,"[0.301, 0.333]",5.289,0.404,"[5.174, 5.404]",50
Random,500,0.3,Random,X-learner,Omit covariate,0.447,0.249,"[0.376, 0.517]",0.429,0.060,"[0.412, 0.446]",0.283,0.033,"[0.273, 0.292]",5.204,0.237,"[5.137, 5.271]",50
Random,500,0.3,Random,DR-learner,Omit covariate,0.535,0.250,"[0.464, 0.606]",0.376,0.058,"[0.360, 0.393]",0.251,0.034,"[0.241, 0.261]",4.931,0.404,"[4.816, 5.046]",50
Random,500,0.3,Core,S-learner,Omit covariate,0.698,0.105,"[0.668, 0.728]",0.538,0.088,"[0.513, 0.563]",0.322,0.067,"[0.303, 0.340]",4.186,0.231,"[4.120, 4.252]",50
Random,500,0.3,Core,T-learner,Omit covariate,0.579,0.272,"[0.502, 0.656]",0.535,0.085,"[0.511, 0.560]",0.381,0.072,"[0.360, 0.401]",4.053,0.543,"[3.899, 4.208]",50
Random,500,0.3,Core,X-learner,Omit covariate,0.486,0.252,"[0.414, 0.558]",0.497,0.084,"[0.473, 0.521]",0.276,0.061,"[0.258, 0.293]",3.460,0.259,"[3.386, 3.533]",50
Random,500,0.3,Core,DR-learner,Omit covariate,0.581,0.203,"[0.523, 0.639]",0.513,0.062,"[0.495, 0.530]",0.320,0.055,"[0.305, 0.336]",3.909,0.420,"[3.789, 4.028]",50
Random,500,0.3,Edge,S-learner,Omit covariate,0.664,0.137,"[0.625, 0.703]",0.545,0.073,"[0.524, 0.565]",0.354,0.105,"[0.324, 0.384]",6.086,0.559,"[5.927, 6.245]",50
Random,500,0.3,Edge,T-learner,Omit covariate,0.647,0.097,"[0.620, 0.675]",0.470,0.097,"[0.442, 0.498]",0.324,0.083,"[0.300, 0.348]",3.959,0.520,"[3.811, 4.107]",50
Random,500,0.3,Edge,X-learner,Omit covariate,0.670,0.143,"[0.629, 0.710]",0.473,0.059,"[0.456, 0.489]",0.343,0.098,"[0.315, 0.371]",3.751,0.295,"[3.668, 3.835]",50
Random,500,0.3,Edge,DR-learner,Omit covariate,0.551,0.217,"[0.489, 0.613]",0.427,0.093,"[0.401, 0.454]",0.240,0.057,"[0.224, 0.256]",3.620,0.501,"[3.477, 3.762]",50
Random,1000,0.3,Random,S-learner,No omission,0.454,0.215,"[0.393, 0.515]",0.466,0.049,"[0.452, 0.480]",0.254,0.029,"[0.245, 0.262]",6.394,0.183,"[6.342, 6.446]",50
Random,1000,0.3,Random,T-learner,No omission,0.448,0.261,"[0.373, 0.522]",0.340,0.046,"[0.327, 0.353]",0.211,0.027,"[0.203, 0.218]",4.583,0.298,"[4.498, 4.667]",50
Random,1000,0.3,Random,X-learner,No omission,0.392,0.231,"[0.326, 0.457]",0.356,0.050,"[0.342, 0.371]",0.213,0.025,"[0.206, 0.220]",4.921,0.171,"[4.873, 4.970]",50
Random,1000,0.3,Random,DR-learner,No omission,0.399,0.257,"[0.326, 0.472]",0.323,0.048,"[0.309, 0.336]",0.184,0.015,"[0.180, 0.188]",4.334,0.235,"[4.267, 4.401]",50
Random,1000,0.3,Core,S-learner,No omission,0.642,0.087,"[0.617, 0.666]",0.518,0.071,"[0.498, 0.538]",0.250,0.043,"[0.238, 0.262]",3.802,0.144,"[3.761, 3.843]",50
Random,1000,0.3,Core,T-learner,No omission,0.491,0.226,"[0.427, 0.555]",0.466,0.066,"[0.448, 0.485]",0.288,0.044,"[0.275, 0.300]",3.543,0.405,"[3.428, 3.658]",50
Random,1000,0.3,Core,X-learner,No omission,0.536,0.176,"[0.486, 0.586]",0.438,0.051,"[0.424, 0.453]",0.235,0.034,"[0.226, 0.245]",3.305,0.155,"[3.261, 3.349]",50
Random,1000,0.3,Core,DR-learner,No omission,0.468,0.222,"[0.405, 0.531]",0.458,0.049,"[0.444, 0.472]",0.261,0.032,"[0.251, 0.270]",3.452,0.268,"[3.375, 3.528]",50
Random,1000,0.3,Edge,S-learner,No omission,0.677,0.069,"[0.657, 0.696]",0.525,0.049,"[0.512, 0.539]",0.338,0.068,"[0.319, 0.358]",5.491,0.336,"[5.395, 5.586]",50
Random,1000,0.3,Edge,T-learner,No omission,0.530,0.213,"[0.469, 0.590]",0.417,0.056,"[0.401, 0.433]",0.232,0.063,"[0.214, 0.250]",3.292,0.301,"[3.206, 3.378]",50
Random,1000,0.3,Edge,X-learner,No omission,0.426,0.244,"[0.357, 0.495]",0.395,0.055,"[0.379, 0.410]",0.195,0.051,"[0.180, 0.210]",3.311,0.212,"[3.251, 3.372]",50
Random,1000,0.3,Edge,DR-learner,No omission,0.424,0.228,"[0.359, 0.488]",0.352,0.061,"[0.334, 0.369]",0.169,0.029,"[0.161, 0.177]",3.016,0.259,"[2.943, 3.090]",50
Random,1000,0.3,Random,S-learner,Omit covariate,0.448,0.195,"[0.393, 0.503]",0.428,0.050,"[0.414, 0.442]",0.250,0.030,"[0.241, 0.258]",6.369,0.255,"[6.297, 6.442]",50
Random,1000,0.3,Random,T-learner,Omit covariate,0.496,0.256,"[0.423, 0.568]",0.383,0.062,"[0.365, 0.400]",0.251,0.033,"[0.241, 0.260]",4.839,0.322,"[4.747, 4.930]",50
Random,1000,0.3,Random,X-learner,Omit covariate,0.410,0.247,"[0.339, 0.480]",0.392,0.056,"[0.376, 0.408]",0.238,0.019,"[0.233, 0.244]",4.955,0.195,"[4.900, 5.011]",50
Random,1000,0.3,Random,DR-learner,Omit covariate,0.468,0.240,"[0.400, 0.536]",0.346,0.045,"[0.334, 0.359]",0.207,0.027,"[0.200, 0.215]",4.532,0.350,"[4.432, 4.631]",50
Random,1000,0.3,Core,S-learner,Omit covariate,0.646,0.092,"[0.619, 0.672]",0.475,0.067,"[0.456, 0.494]",0.250,0.041,"[0.238, 0.261]",3.794,0.193,"[3.739, 3.849]",50
Random,1000,0.3,Core,T-learner,Omit covariate,0.543,0.247,"[0.473, 0.613]",0.487,0.067,"[0.468, 0.506]",0.309,0.043,"[0.297, 0.321]",3.642,0.329,"[3.548, 3.735]",50
Random,1000,0.3,Core,X-learner,Omit covariate,0.428,0.236,"[0.361, 0.495]",0.458,0.056,"[0.442, 0.474]",0.255,0.046,"[0.242, 0.268]",3.327,0.189,"[3.273, 3.381]",50
Random,1000,0.3,Core,DR-learner,Omit covariate,0.467,0.250,"[0.396, 0.538]",0.484,0.048,"[0.470, 0.497]",0.280,0.031,"[0.271, 0.289]",3.597,0.314,"[3.508, 3.686]",50
Random,1000,0.3,Edge,S-learner,Omit covariate,0.655,0.074,"[0.634, 0.676]",0.484,0.064,"[0.465, 0.502]",0.275,0.066,"[0.256, 0.294]",5.293,0.413,"[5.175, 5.410]",50
Random,1000,0.3,Edge,T-learner,Omit covariate,0.633,0.092,"[0.607, 0.659]",0.421,0.063,"[0.403, 0.439]",0.243,0.056,"[0.227, 0.259]",3.443,0.302,"[3.357, 3.529]",50
Random,1000,0.3,Edge,X-learner,Omit covariate,0.603,0.170,"[0.555, 0.652]",0.443,0.051,"[0.428, 0.457]",0.287,0.062,"[0.270, 0.305]",3.548,0.222,"[3.484, 3.611]",50
Random,1000,0.3,Edge,DR-learner,Omit covariate,0.386,0.265,"[0.310, 0.461]",0.356,0.065,"[0.338, 0.375]",0.187,0.031,"[0.178, 0.196]",3.105,0.326,"[3.012, 3.197]",50
Random,250,0.5,Random,S-learner,No omission,0.599,0.211,"[0.539, 0.659]",0.575,0.092,"[0.549, 0.602]",0.441,0.086,"[0.416, 0.465]",7.633,0.432,"[7.510, 7.756]",50
Random,250,0.5,Random,T-learner,No omission,0.595,0.285,"[0.514, 0.676]",0.484,0.091,"[0.458, 0.509]",0.388,0.068,"[0.369, 0.407]",5.659,0.388,"[5.548, 5.769]",50
Random,250,0.5,Random,X-learner,No omission,0.539,0.269,"[0.462, 0.615]",0.429,0.066,"[0.410, 0.448]",0.274,0.037,"[0.263, 0.285]",5.296,0.234,"[5.229, 5.362]",50
Random,250,0.5,Random,DR-learner,No omission,0.475,0.269,"[0.398, 0.551]",0.459,0.081,"[0.436, 0.482]",0.314,0.076,"[0.292, 0.335]",5.225,0.519,"[5.077, 5.372]",50
Random,250,0.5,Core,S-learner,No omission,0.730,0.105,"[0.700, 0.760]",0.604,0.086,"[0.579, 0.628]",0.421,0.096,"[0.394, 0.448]",4.608,0.281,"[4.528, 4.687]",50
Random,250,0.5,Core,T-learner,No omission,0.647,0.268,"[0.571, 0.724]",0.583,0.093,"[0.556, 0.609]",0.435,0.100,"[0.406, 0.463]",4.284,0.542,"[4.130, 4.438]",50
Random,250,0.5,Core,X-learner,No omission,0.626,0.215,"[0.565, 0.687]",0.517,0.073,"[0.496, 0.538]",0.321,0.070,"[0.301, 0.341]",3.785,0.301,"[3.699, 3.870]",50
Random,250,0.5,Core,DR-learner,No omission,0.600,0.259,"[0.527, 0.674]",0.521,0.090,"[0.495, 0.547]",0.342,0.067,"[0.322, 0.361]",3.915,0.536,"[3.763, 4.068]",50
Random,250,0.5,Edge,S-learner,No omission,0.791,0.115,"[0.758, 0.824]",0.641,0.085,"[0.617, 0.665]",0.619,0.167,"[0.572, 0.667]",6.830,0.630,"[6.651, 7.010]",50
Random,250,0.5,Edge,T-learner,No omission,0.665,0.199,"[0.608, 0.721]",0.560,0.086,"[0.536, 0.584]",0.467,0.120,"[0.433, 0.501]",4.264,0.437,"[4.139, 4.388]",50
Random,250,0.5,Edge,X-learner,No omission,0.545,0.265,"[0.470, 0.620]",0.505,0.090,"[0.479, 0.530]",0.344,0.118,"[0.310, 0.377]",3.817,0.336,"[3.722, 3.913]",50
Random,250,0.5,Edge,DR-learner,No omission,0.606,0.276,"[0.528, 0.685]",0.523,0.107,"[0.492, 0.553]",0.396,0.168,"[0.349, 0.444]",3.991,0.527,"[3.841, 4.141]",50
Random,250,0.5,Random,S-learner,Omit covariate,0.649,0.253,"[0.577, 0.721]",0.571,0.090,"[0.545, 0.596]",0.442,0.075,"[0.420, 0.463]",7.640,0.361,"[7.537, 7.742]",50
Random,250,0.5,Random,T-learner,Omit covariate,0.580,0.273,"[0.503, 0.658]",0.529,0.082,"[0.506, 0.552]",0.450,0.071,"[0.430, 0.471]",5.902,0.469,"[5.769, 6.035]",50
Random,250,0.5,Random,X-learner,Omit covariate,0.510,0.272,"[0.433, 0.587]",0.460,0.071,"[0.440, 0.480]",0.315,0.047,"[0.301, 0.328]",5.419,0.350,"[5.319, 5.518]",50
Random,250,0.5,Random,DR-learner,Omit covariate,0.499,0.277,"[0.420, 0.578]",0.483,0.086,"[0.458, 0.507]",0.376,0.091,"[0.350, 0.402]",5.477,0.570,"[5.315, 5.639]",50
Random,250,0.5,Core,S-learner,Omit covariate,0.725,0.094,"[0.698, 0.751]",0.602,0.102,"[0.573, 0.631]",0.430,0.107,"[0.400, 0.461]",4.587,0.291,"[4.504, 4.670]",50
Random,250,0.5,Core,T-learner,Omit covariate,0.650,0.254,"[0.578, 0.722]",0.568,0.089,"[0.543, 0.594]",0.434,0.097,"[0.406, 0.461]",4.331,0.556,"[4.173, 4.489]",50
Random,250,0.5,Core,X-learner,Omit covariate,0.612,0.215,"[0.551, 0.673]",0.532,0.071,"[0.512, 0.552]",0.321,0.071,"[0.301, 0.341]",3.657,0.311,"[3.568, 3.745]",50
Random,250,0.5,Core,DR-learner,Omit covariate,0.574,0.266,"[0.499, 0.650]",0.535,0.079,"[0.513, 0.558]",0.373,0.083,"[0.350, 0.397]",3.966,0.533,"[3.815, 4.117]",50
Random,250,0.5,Edge,S-learner,Omit covariate,0.713,0.164,"[0.667, 0.760]",0.615,0.108,"[0.584, 0.645]",0.550,0.199,"[0.494, 0.607]",6.642,0.666,"[6.453, 6.831]",50
Random,250,0.5,Edge,T-learner,Omit covariate,0.745,0.127,"[0.709, 0.781]",0.591,0.107,"[0.560, 0.621]",0.523,0.164,"[0.476, 0.569]",4.646,0.656,"[4.460, 4.832]",50
Random,250,0.5,Edge,X-learner,Omit covariate,0.664,0.182,"[0.612, 0.715]",0.541,0.083,"[0.517, 0.565]",0.430,0.117,"[0.397, 0.463]",4.039,0.334,"[3.944, 4.134]",50
Random,250,0.5,Edge,DR-learner,Omit covariate,0.662,0.260,"[0.588, 0.735]",0.564,0.115,"[0.531, 0.596]",0.452,0.161,"[0.407, 0.498]",4.278,0.605,"[4.106, 4.450]",50
Random,500,0.5,Random,S-learner,No omission,0.598,0.178,"[0.547, 0.648]",0.525,0.071,"[0.505, 0.546]",0.360,0.054,"[0.345, 0.375]",6.993,0.308,"[6.905, 7.081]",50
Random,500,0.5,Random,T-learner,No omission,0.481,0.258,"[0.408, 0.555]",0.429,0.071,"[0.409, 0.449]",0.299,0.051,"[0.285, 0.314]",5.123,0.281,"[5.043, 5.203]",50
Random,500,0.5,Random,X-learner,No omission,0.490,0.255,"[0.418, 0.563]",0.389,0.063,"[0.371, 0.407]",0.225,0.023,"[0.219, 0.232]",5.023,0.226,"[4.959, 5.088]",50
Random,500,0.5,Random,DR-learner,No omission,0.357,0.219,"[0.295, 0.420]",0.384,0.062,"[0.366, 0.401]",0.231,0.038,"[0.220, 0.241]",4.776,0.334,"[4.681, 4.871]",50
Random,500,0.5,Core,S-learner,No omission,0.677,0.090,"[0.651, 0.703]",0.556,0.086,"[0.532, 0.581]",0.342,0.064,"[0.324, 0.361]",4.195,0.230,"[4.130, 4.260]",50
Random,500,0.5,Core,T-learner,No omission,0.654,0.248,"[0.584, 0.725]",0.529,0.070,"[0.509, 0.549]",0.330,0.061,"[0.312, 0.347]",3.768,0.426,"[3.647, 3.889]",50
Random,500,0.5,Core,X-learner,No omission,0.572,0.216,"[0.511, 0.633]",0.468,0.058,"[0.452, 0.485]",0.266,0.038,"[0.255, 0.277]",3.514,0.243,"[3.445, 3.583]",50
Random,500,0.5,Core,DR-learner,No omission,0.546,0.265,"[0.471, 0.621]",0.475,0.063,"[0.458, 0.493]",0.282,0.056,"[0.266, 0.298]",3.487,0.349,"[3.388, 3.586]",50
Random,500,0.5,Edge,S-learner,No omission,0.728,0.098,"[0.700, 0.756]",0.584,0.080,"[0.561, 0.606]",0.507,0.126,"[0.471, 0.542]",5.909,0.384,"[5.799, 6.018]",50
Random,500,0.5,Edge,T-learner,No omission,0.629,0.175,"[0.579, 0.679]",0.534,0.089,"[0.508, 0.559]",0.403,0.141,"[0.363, 0.443]",3.954,0.442,"[3.828, 4.079]",50
Random,500,0.5,Edge,X-learner,No omission,0.480,0.242,"[0.412, 0.549]",0.417,0.075,"[0.396, 0.439]",0.223,0.057,"[0.206, 0.239]",3.454,0.278,"[3.375, 3.533]",50
Random,500,0.5,Edge,DR-learner,No omission,0.514,0.235,"[0.447, 0.581]",0.434,0.090,"[0.408, 0.459]",0.269,0.080,"[0.246, 0.291]",3.427,0.334,"[3.332, 3.522]",50
Random,500,0.5,Random,S-learner,Omit covariate,0.603,0.175,"[0.553, 0.653]",0.513,0.066,"[0.494, 0.531]",0.349,0.048,"[0.336, 0.363]",6.984,0.381,"[6.876, 7.092]",50
Random,500,0.5,Random,T-learner,Omit covariate,0.476,0.236,"[0.409, 0.543]",0.455,0.070,"[0.435, 0.475]",0.348,0.046,"[0.335, 0.361]",5.330,0.402,"[5.216, 5.444]",50
Random,500,0.5,Random,X-learner,Omit covariate,0.406,0.236,"[0.339, 0.473]",0.402,0.041,"[0.390, 0.414]",0.260,0.029,"[0.252, 0.269]",5.019,0.274,"[4.941, 5.097]",50
Random,500,0.5,Random,DR-learner,Omit covariate,0.406,0.263,"[0.332, 0.481]",0.419,0.063,"[0.401, 0.437]",0.265,0.033,"[0.255, 0.274]",4.875,0.264,"[4.800, 4.950]",50
Random,500,0.5,Core,S-learner,Omit covariate,0.702,0.096,"[0.675, 0.729]",0.550,0.080,"[0.527, 0.573]",0.345,0.059,"[0.328, 0.362]",4.136,0.287,"[4.054, 4.217]",50
Random,500,0.5,Core,T-learner,Omit covariate,0.629,0.269,"[0.552, 0.705]",0.542,0.087,"[0.517, 0.566]",0.371,0.078,"[0.349, 0.394]",3.897,0.531,"[3.746, 4.048]",50
Random,500,0.5,Core,X-learner,Omit covariate,0.618,0.211,"[0.558, 0.678]",0.485,0.074,"[0.464, 0.507]",0.272,0.052,"[0.257, 0.287]",3.478,0.306,"[3.391, 3.565]",50
Random,500,0.5,Core,DR-learner,Omit covariate,0.568,0.254,"[0.495, 0.640]",0.493,0.066,"[0.474, 0.512]",0.294,0.061,"[0.277, 0.312]",3.621,0.394,"[3.509, 3.733]",50
Random,500,0.5,Edge,S-learner,Omit covariate,0.752,0.108,"[0.722, 0.783]",0.618,0.098,"[0.590, 0.646]",0.528,0.162,"[0.482, 0.574]",5.886,0.526,"[5.737, 6.036]",50
Random,500,0.5,Edge,T-learner,Omit covariate,0.726,0.110,"[0.694, 0.757]",0.547,0.075,"[0.526, 0.568]",0.464,0.129,"[0.427, 0.501]",4.305,0.434,"[4.182, 4.428]",50
Random,500,0.5,Edge,X-learner,Omit covariate,0.687,0.108,"[0.656, 0.718]",0.488,0.074,"[0.467, 0.509]",0.346,0.082,"[0.323, 0.370]",3.784,0.249,"[3.713, 3.855]",50
Random,500,0.5,Edge,DR-learner,Omit covariate,0.609,0.207,"[0.550, 0.668]",0.503,0.083,"[0.479, 0.526]",0.335,0.126,"[0.300, 0.371]",3.683,0.462,"[3.551, 3.814]",50
Random,1000,0.5,Random,S-learner,No omission,0.490,0.204,"[0.432, 0.547]",0.497,0.062,"[0.480, 0.515]",0.281,0.034,"[0.272, 0.291]",6.392,0.267,"[6.316, 6.468]",50
Random,1000,0.5,Random,T-learner,No omission,0.531,0.264,"[0.456, 0.606]",0.369,0.050,"[0.355, 0.383]",0.238,0.026,"[0.230, 0.245]",4.789,0.264,"[4.714, 4.864]",50
Random,1000,0.5,Random,X-learner,No omission,0.355,0.196,"[0.299, 0.410]",0.343,0.043,"[0.330, 0.355]",0.186,0.019,"[0.181, 0.191]",4.682,0.151,"[4.639, 4.725]",50
Random,1000,0.5,Random,DR-learner,No omission,0.320,0.202,"[0.262, 0.377]",0.359,0.053,"[0.344, 0.374]",0.184,0.019,"[0.179, 0.190]",4.467,0.235,"[4.400, 4.534]",50
Random,1000,0.5,Core,S-learner,No omission,0.664,0.083,"[0.640, 0.687]",0.521,0.068,"[0.502, 0.540]",0.268,0.051,"[0.254, 0.283]",3.764,0.148,"[3.722, 3.807]",50
Random,1000,0.5,Core,T-learner,No omission,0.629,0.189,"[0.575, 0.682]",0.496,0.067,"[0.477, 0.515]",0.296,0.052,"[0.281, 0.311]",3.606,0.294,"[3.523, 3.690]",50
Random,1000,0.5,Core,X-learner,No omission,0.593,0.099,"[0.565, 0.621]",0.439,0.046,"[0.426, 0.452]",0.236,0.035,"[0.226, 0.246]",3.301,0.194,"[3.246, 3.356]",50
Random,1000,0.5,Core,DR-learner,No omission,0.499,0.258,"[0.425, 0.572]",0.434,0.059,"[0.417, 0.450]",0.236,0.035,"[0.227, 0.246]",3.300,0.247,"[3.229, 3.370]",50
Random,1000,0.5,Edge,S-learner,No omission,0.699,0.089,"[0.674, 0.725]",0.527,0.060,"[0.510, 0.544]",0.406,0.081,"[0.383, 0.429]",5.168,0.317,"[5.078, 5.258]",50
Random,1000,0.5,Edge,T-learner,No omission,0.564,0.199,"[0.507, 0.620]",0.451,0.073,"[0.430, 0.472]",0.270,0.084,"[0.246, 0.294]",3.478,0.360,"[3.375, 3.580]",50
Random,1000,0.5,Edge,X-learner,No omission,0.492,0.248,"[0.422, 0.562]",0.376,0.059,"[0.360, 0.393]",0.197,0.038,"[0.186, 0.208]",3.233,0.208,"[3.174, 3.292]",50
Random,1000,0.5,Edge,DR-learner,No omission,0.500,0.228,"[0.435, 0.565]",0.429,0.060,"[0.412, 0.446]",0.231,0.061,"[0.213, 0.248]",3.287,0.275,"[3.209, 3.365]",50
Random,1000,0.5,Random,S-learner,Omit covariate,0.488,0.201,"[0.431, 0.546]",0.445,0.066,"[0.426, 0.463]",0.284,0.047,"[0.270, 0.297]",6.276,0.325,"[6.184, 6.369]",50
Random,1000,0.5,Random,T-learner,Omit covariate,0.476,0.276,"[0.398, 0.555]",0.415,0.060,"[0.398, 0.433]",0.280,0.036,"[0.270, 0.290]",4.973,0.310,"[4.885, 5.061]",50
Random,1000,0.5,Random,X-learner,Omit covariate,0.428,0.258,"[0.355, 0.501]",0.358,0.046,"[0.345, 0.371]",0.212,0.020,"[0.207, 0.218]",4.743,0.183,"[4.691, 4.795]",50
Random,1000,0.5,Random,DR-learner,Omit covariate,0.384,0.245,"[0.314, 0.453]",0.380,0.046,"[0.367, 0.393]",0.224,0.023,"[0.217, 0.230]",4.614,0.263,"[4.539, 4.689]",50
Random,1000,0.5,Core,S-learner,Omit covariate,0.675,0.098,"[0.647, 0.703]",0.508,0.078,"[0.486, 0.530]",0.270,0.040,"[0.258, 0.281]",3.717,0.173,"[3.668, 3.766]",50
Random,1000,0.5,Core,T-learner,Omit covariate,0.536,0.277,"[0.457, 0.615]",0.494,0.076,"[0.472, 0.515]",0.293,0.045,"[0.280, 0.305]",3.492,0.341,"[3.395, 3.588]",50
Random,1000,0.5,Core,X-learner,Omit covariate,0.565,0.168,"[0.517, 0.613]",0.455,0.052,"[0.441, 0.470]",0.252,0.032,"[0.242, 0.261]",3.326,0.175,"[3.277, 3.376]",50
Random,1000,0.5,Core,DR-learner,Omit covariate,0.531,0.276,"[0.453, 0.609]",0.464,0.059,"[0.447, 0.480]",0.239,0.029,"[0.231, 0.247]",3.265,0.263,"[3.190, 3.340]",50
Random,1000,0.5,Edge,S-learner,Omit covariate,0.678,0.075,"[0.657, 0.700]",0.540,0.061,"[0.523, 0.557]",0.382,0.077,"[0.360, 0.404]",5.161,0.372,"[5.055, 5.266]",50
Random,1000,0.5,Edge,T-learner,Omit covariate,0.679,0.115,"[0.646, 0.711]",0.485,0.079,"[0.462, 0.507]",0.351,0.090,"[0.326, 0.377]",3.896,0.367,"[3.792, 4.000]",50
Random,1000,0.5,Edge,X-learner,Omit covariate,0.639,0.104,"[0.610, 0.669]",0.425,0.047,"[0.412, 0.439]",0.248,0.058,"[0.231, 0.264]",3.418,0.208,"[3.359, 3.477]",50
Random,1000,0.5,Edge,DR-learner,Omit covariate,0.524,0.227,"[0.459, 0.588]",0.419,0.070,"[0.399, 0.439]",0.243,0.063,"[0.225, 0.261]",3.298,0.298,"[3.213, 3.383]",50
Random,250,0.7,Random,S-learner,No omission,0.701,0.233,"[0.634, 0.767]",0.642,0.085,"[0.618, 0.666]",0.537,0.097,"[0.509, 0.564]",7.758,0.345,"[7.659, 7.856]",50
Random,250,0.7,Random,T-learner,No omission,0.662,0.238,"[0.594, 0.729]",0.604,0.103,"[0.574, 0.633]",0.511,0.114,"[0.479, 0.544]",6.224,0.659,"[6.037, 6.412]",50
Random,250,0.7,Random,X-learner,No omission,0.551,0.265,"[0.476, 0.627]",0.442,0.072,"[0.421, 0.462]",0.288,0.044,"[0.275, 0.300]",5.352,0.310,"[5.264, 5.440]",50
Random,250,0.7,Random,DR-learner,No omission,0.601,0.295,"[0.517, 0.685]",0.606,0.104,"[0.577, 0.636]",0.526,0.120,"[0.492, 0.560]",6.233,0.705,"[6.032, 6.433]",50
Random,250,0.7,Core,S-learner,No omission,0.748,0.114,"[0.715, 0.780]",0.616,0.108,"[0.586, 0.647]",0.483,0.088,"[0.458, 0.508]",4.653,0.272,"[4.576, 4.731]",50
Random,250,0.7,Core,T-learner,No omission,0.688,0.245,"[0.619, 0.758]",0.595,0.101,"[0.566, 0.623]",0.494,0.112,"[0.462, 0.526]",4.577,0.592,"[4.408, 4.745]",50
Random,250,0.7,Core,X-learner,No omission,0.702,0.186,"[0.649, 0.755]",0.515,0.078,"[0.492, 0.537]",0.340,0.067,"[0.321, 0.359]",3.875,0.330,"[3.781, 3.968]",50
Random,250,0.7,Core,DR-learner,No omission,0.635,0.259,"[0.561, 0.709]",0.535,0.090,"[0.509, 0.560]",0.416,0.109,"[0.385, 0.447]",4.168,0.614,"[3.994, 4.343]",50
Random,250,0.7,Edge,S-learner,No omission,0.808,0.176,"[0.758, 0.858]",0.716,0.115,"[0.684, 0.749]",0.784,0.213,"[0.724, 0.845]",6.837,0.582,"[6.672, 7.002]",50
Random,250,0.7,Edge,T-learner,No omission,0.743,0.203,"[0.685, 0.800]",0.645,0.121,"[0.611, 0.680]",0.659,0.204,"[0.601, 0.717]",5.013,0.741,"[4.803, 5.224]",50
Random,250,0.7,Edge,X-learner,No omission,0.599,0.241,"[0.530, 0.667]",0.528,0.094,"[0.502, 0.555]",0.377,0.121,"[0.343, 0.412]",3.930,0.414,"[3.813, 4.048]",50
Random,250,0.7,Edge,DR-learner,No omission,0.875,0.256,"[0.802, 0.947]",0.695,0.126,"[0.660, 0.731]",0.747,0.252,"[0.676, 0.819]",4.878,0.740,"[4.667, 5.088]",50
Random,250,0.7,Random,S-learner,Omit covariate,0.772,0.212,"[0.712, 0.833]",0.659,0.108,"[0.628, 0.690]",0.559,0.103,"[0.530, 0.588]",7.886,0.394,"[7.774, 7.998]",50
Random,250,0.7,Random,T-learner,Omit covariate,0.643,0.266,"[0.567, 0.718]",0.617,0.095,"[0.590, 0.644]",0.551,0.116,"[0.518, 0.584]",6.545,0.850,"[6.303, 6.787]",50
Random,250,0.7,Random,X-learner,Omit covariate,0.555,0.281,"[0.475, 0.635]",0.455,0.067,"[0.436, 0.474]",0.321,0.058,"[0.304, 0.338]",5.412,0.400,"[5.298, 5.525]",50
Random,250,0.7,Random,DR-learner,Omit covariate,0.668,0.287,"[0.587, 0.749]",0.605,0.091,"[0.579, 0.631]",0.511,0.116,"[0.478, 0.544]",6.284,0.762,"[6.067, 6.500]",50
Random,250,0.7,Core,S-learner,Omit covariate,0.743,0.104,"[0.714, 0.773]",0.605,0.088,"[0.580, 0.629]",0.489,0.085,"[0.464, 0.513]",4.658,0.269,"[4.582, 4.734]",50
Random,250,0.7,Core,T-learner,Omit covariate,0.747,0.178,"[0.696, 0.797]",0.618,0.082,"[0.595, 0.641]",0.517,0.099,"[0.489, 0.545]",4.772,0.654,"[4.586, 4.957]",50
Random,250,0.7,Core,X-learner,Omit covariate,0.671,0.226,"[0.607, 0.735]",0.550,0.091,"[0.524, 0.576]",0.383,0.094,"[0.357, 0.410]",3.967,0.418,"[3.848, 4.086]",50
Random,250,0.7,Core,DR-learner,Omit covariate,0.637,0.225,"[0.573, 0.701]",0.559,0.079,"[0.537, 0.581]",0.440,0.090,"[0.414, 0.465]",4.397,0.715,"[4.194, 4.600]",50
Random,250,0.7,Edge,S-learner,Omit covariate,0.791,0.116,"[0.758, 0.824]",0.667,0.114,"[0.635, 0.700]",0.715,0.218,"[0.653, 0.777]",6.678,0.564,"[6.518, 6.839]",50
Random,250,0.7,Edge,T-learner,Omit covariate,0.763,0.181,"[0.712, 0.815]",0.659,0.092,"[0.633, 0.685]",0.706,0.171,"[0.657, 0.755]",5.387,0.829,"[5.151, 5.622]",50
Random,250,0.7,Edge,X-learner,Omit covariate,0.691,0.179,"[0.640, 0.742]",0.569,0.105,"[0.539, 0.599]",0.448,0.132,"[0.410, 0.485]",4.097,0.391,"[3.985, 4.208]",50
Random,250,0.7,Edge,DR-learner,Omit covariate,0.838,0.240,"[0.769, 0.906]",0.688,0.131,"[0.651, 0.725]",0.708,0.220,"[0.646, 0.770]",5.039,0.750,"[4.826, 5.252]",50
Random,500,0.7,Random,S-learner,No omission,0.665,0.166,"[0.618, 0.712]",0.592,0.079,"[0.569, 0.614]",0.448,0.074,"[0.427, 0.469]",7.330,0.354,"[7.230, 7.431]",50
Random,500,0.7,Random,T-learner,No omission,0.566,0.275,"[0.488, 0.644]",0.521,0.074,"[0.500, 0.542]",0.393,0.066,"[0.374, 0.411]",5.639,0.414,"[5.521, 5.757]",50
Random,500,0.7,Random,X-learner,No omission,0.490,0.259,"[0.417, 0.564]",0.374,0.043,"[0.361, 0.386]",0.231,0.030,"[0.223, 0.240]",5.005,0.236,"[4.937, 5.072]",50
Random,500,0.7,Random,DR-learner,No omission,0.516,0.267,"[0.439, 0.592]",0.537,0.085,"[0.513, 0.561]",0.379,0.071,"[0.359, 0.399]",5.535,0.437,"[5.411, 5.660]",50
Random,500,0.7,Core,S-learner,No omission,0.726,0.089,"[0.701, 0.752]",0.598,0.076,"[0.576, 0.620]",0.418,0.064,"[0.400, 0.436]",4.342,0.183,"[4.290, 4.394]",50
Random,500,0.7,Core,T-learner,No omission,0.709,0.182,"[0.657, 0.761]",0.569,0.088,"[0.544, 0.594]",0.419,0.073,"[0.398, 0.439]",4.181,0.465,"[4.049, 4.313]",50
Random,500,0.7,Core,X-learner,No omission,0.644,0.139,"[0.604, 0.683]",0.486,0.063,"[0.468, 0.504]",0.278,0.054,"[0.262, 0.293]",3.603,0.282,"[3.523, 3.683]",50
Random,500,0.7,Core,DR-learner,No omission,0.637,0.195,"[0.581, 0.692]",0.529,0.086,"[0.505, 0.554]",0.334,0.079,"[0.312, 0.357]",3.758,0.393,"[3.646, 3.870]",50
Random,500,0.7,Edge,S-learner,No omission,0.757,0.107,"[0.726, 0.787]",0.624,0.086,"[0.599, 0.648]",0.623,0.142,"[0.583, 0.664]",6.143,0.456,"[6.013, 6.272]",50
Random,500,0.7,Edge,T-learner,No omission,0.663,0.246,"[0.593, 0.732]",0.572,0.102,"[0.543, 0.601]",0.526,0.183,"[0.474, 0.578]",4.600,0.559,"[4.441, 4.759]",50
Random,500,0.7,Edge,X-learner,No omission,0.512,0.255,"[0.439, 0.584]",0.467,0.089,"[0.442, 0.492]",0.283,0.075,"[0.262, 0.304]",3.556,0.270,"[3.479, 3.633]",50
Random,500,0.7,Edge,DR-learner,No omission,0.695,0.231,"[0.630, 0.761]",0.564,0.112,"[0.532, 0.595]",0.482,0.164,"[0.436, 0.529]",4.148,0.423,"[4.028, 4.268]",50
Random,500,0.7,Random,S-learner,Omit covariate,0.612,0.215,"[0.551, 0.674]",0.563,0.075,"[0.541, 0.584]",0.445,0.071,"[0.424, 0.465]",7.177,0.399,"[7.063, 7.290]",50
Random,500,0.7,Random,T-learner,Omit covariate,0.523,0.245,"[0.453, 0.592]",0.542,0.084,"[0.518, 0.566]",0.452,0.065,"[0.434, 0.471]",5.831,0.380,"[5.722, 5.939]",50
Random,500,0.7,Random,X-learner,Omit covariate,0.538,0.264,"[0.463, 0.613]",0.396,0.046,"[0.383, 0.409]",0.256,0.029,"[0.248, 0.265]",5.018,0.228,"[4.953, 5.082]",50
Random,500,0.7,Random,DR-learner,Omit covariate,0.589,0.258,"[0.515, 0.662]",0.570,0.093,"[0.544, 0.596]",0.427,0.079,"[0.404, 0.449]",5.773,0.404,"[5.658, 5.887]",50
Random,500,0.7,Core,S-learner,Omit covariate,0.684,0.129,"[0.648, 0.721]",0.599,0.080,"[0.576, 0.622]",0.400,0.076,"[0.379, 0.422]",4.363,0.210,"[4.303, 4.422]",50
Random,500,0.7,Core,T-learner,Omit covariate,0.663,0.243,"[0.593, 0.732]",0.588,0.087,"[0.563, 0.613]",0.428,0.080,"[0.405, 0.450]",4.236,0.478,"[4.101, 4.372]",50
Random,500,0.7,Core,X-learner,Omit covariate,0.690,0.142,"[0.649, 0.730]",0.505,0.067,"[0.486, 0.524]",0.289,0.053,"[0.274, 0.304]",3.608,0.367,"[3.504, 3.712]",50
Random,500,0.7,Core,DR-learner,Omit covariate,0.653,0.240,"[0.585, 0.721]",0.535,0.096,"[0.508, 0.563]",0.369,0.074,"[0.348, 0.390]",4.023,0.452,"[3.894, 4.151]",50
Random,500,0.7,Edge,S-learner,Omit covariate,0.788,0.107,"[0.758, 0.819]",0.644,0.089,"[0.618, 0.669]",0.652,0.162,"[0.606, 0.698]",6.219,0.516,"[6.072, 6.366]",50
Random,500,0.7,Edge,T-learner,Omit covariate,0.751,0.123,"[0.716, 0.786]",0.605,0.093,"[0.578, 0.631]",0.592,0.157,"[0.547, 0.636]",4.926,0.576,"[4.762, 5.089]",50
Random,500,0.7,Edge,X-learner,Omit covariate,0.698,0.111,"[0.667, 0.730]",0.494,0.090,"[0.468, 0.519]",0.345,0.079,"[0.322, 0.367]",3.766,0.282,"[3.686, 3.846]",50
Random,500,0.7,Edge,DR-learner,Omit covariate,0.744,0.240,"[0.675, 0.812]",0.604,0.111,"[0.572, 0.635]",0.589,0.170,"[0.541, 0.637]",4.515,0.433,"[4.392, 4.638]",50
Random,1000,0.7,Random,S-learner,No omission,0.572,0.181,"[0.521, 0.624]",0.548,0.065,"[0.530, 0.567]",0.358,0.060,"[0.341, 0.375]",6.683,0.284,"[6.602, 6.764]",50
Random,1000,0.7,Random,T-learner,No omission,0.487,0.247,"[0.417, 0.557]",0.440,0.068,"[0.421, 0.459]",0.286,0.036,"[0.276, 0.296]",5.056,0.301,"[4.970, 5.141]",50
Random,1000,0.7,Random,X-learner,No omission,0.458,0.237,"[0.391, 0.525]",0.334,0.052,"[0.319, 0.349]",0.191,0.017,"[0.186, 0.196]",4.666,0.199,"[4.610, 4.723]",50
Random,1000,0.7,Random,DR-learner,No omission,0.367,0.257,"[0.294, 0.440]",0.457,0.071,"[0.437, 0.477]",0.275,0.048,"[0.261, 0.289]",5.034,0.314,"[4.945, 5.124]",50
Random,1000,0.7,Core,S-learner,No omission,0.684,0.080,"[0.661, 0.707]",0.570,0.065,"[0.552, 0.588]",0.342,0.061,"[0.325, 0.359]",3.989,0.150,"[3.947, 4.032]",50
Random,1000,0.7,Core,T-learner,No omission,0.684,0.146,"[0.642, 0.725]",0.519,0.072,"[0.499, 0.539]",0.328,0.066,"[0.309, 0.347]",3.816,0.379,"[3.708, 3.923]",50
Random,1000,0.7,Core,X-learner,No omission,0.620,0.112,"[0.588, 0.652]",0.466,0.048,"[0.453, 0.480]",0.257,0.033,"[0.247, 0.266]",3.414,0.212,"[3.354, 3.474]",50
Random,1000,0.7,Core,DR-learner,No omission,0.601,0.238,"[0.533, 0.668]",0.469,0.052,"[0.454, 0.484]",0.272,0.049,"[0.258, 0.286]",3.480,0.322,"[3.389, 3.572]",50
Random,1000,0.7,Edge,S-learner,No omission,0.740,0.081,"[0.717, 0.763]",0.572,0.057,"[0.556, 0.588]",0.518,0.098,"[0.490, 0.545]",5.502,0.356,"[5.401, 5.603]",50
Random,1000,0.7,Edge,T-learner,No omission,0.635,0.186,"[0.582, 0.688]",0.503,0.080,"[0.480, 0.526]",0.401,0.119,"[0.367, 0.435]",4.037,0.371,"[3.932, 4.143]",50
Random,1000,0.7,Edge,X-learner,No omission,0.494,0.232,"[0.428, 0.560]",0.406,0.068,"[0.387, 0.426]",0.209,0.047,"[0.195, 0.222]",3.230,0.239,"[3.162, 3.298]",50
Random,1000,0.7,Edge,DR-learner,No omission,0.584,0.281,"[0.504, 0.664]",0.487,0.107,"[0.457, 0.518]",0.364,0.141,"[0.324, 0.404]",3.891,0.367,"[3.787, 3.996]",50
Random,1000,0.7,Random,S-learner,Omit covariate,0.588,0.172,"[0.540, 0.637]",0.523,0.058,"[0.506, 0.539]",0.377,0.059,"[0.361, 0.394]",6.679,0.295,"[6.595, 6.762]",50
Random,1000,0.7,Random,T-learner,Omit covariate,0.488,0.260,"[0.414, 0.562]",0.491,0.082,"[0.468, 0.514]",0.369,0.057,"[0.353, 0.385]",5.443,0.382,"[5.334, 5.552]",50
Random,1000,0.7,Random,X-learner,Omit covariate,0.384,0.234,"[0.318, 0.451]",0.355,0.047,"[0.342, 0.369]",0.213,0.019,"[0.208, 0.219]",4.652,0.220,"[4.589, 4.714]",50
Random,1000,0.7,Random,DR-learner,Omit covariate,0.367,0.219,"[0.304, 0.429]",0.485,0.081,"[0.462, 0.509]",0.320,0.055,"[0.304, 0.336]",5.197,0.362,"[5.094, 5.299]",50
Random,1000,0.7,Core,S-learner,Omit covariate,0.688,0.115,"[0.655, 0.720]",0.551,0.074,"[0.530, 0.572]",0.345,0.068,"[0.326, 0.364]",3.984,0.232,"[3.918, 4.050]",50
Random,1000,0.7,Core,T-learner,Omit covariate,0.586,0.263,"[0.511, 0.660]",0.549,0.073,"[0.528, 0.570]",0.347,0.060,"[0.330, 0.364]",3.768,0.367,"[3.664, 3.872]",50
Random,1000,0.7,Core,X-learner,Omit covariate,0.667,0.121,"[0.633, 0.702]",0.475,0.068,"[0.455, 0.494]",0.252,0.032,"[0.243, 0.261]",3.388,0.218,"[3.326, 3.450]",50
Random,1000,0.7,Core,DR-learner,Omit covariate,0.665,0.196,"[0.609, 0.720]",0.505,0.082,"[0.481, 0.528]",0.326,0.068,"[0.307, 0.345]",3.784,0.404,"[3.669, 3.899]",50
Random,1000,0.7,Edge,S-learner,Omit covariate,0.714,0.080,"[0.691, 0.736]",0.569,0.074,"[0.548, 0.590]",0.520,0.110,"[0.489, 0.551]",5.278,0.372,"[5.172, 5.384]",50
Random,1000,0.7,Edge,T-learner,Omit covariate,0.709,0.131,"[0.672, 0.747]",0.559,0.090,"[0.534, 0.585]",0.504,0.128,"[0.468, 0.540]",4.514,0.457,"[4.384, 4.644]",50
Random,1000,0.7,Edge,X-learner,Omit covariate,0.622,0.119,"[0.588, 0.656]",0.439,0.061,"[0.422, 0.457]",0.271,0.062,"[0.254, 0.289]",3.487,0.256,"[3.415, 3.560]",50
Random,1000,0.7,Edge,DR-learner,Omit covariate,0.608,0.239,"[0.540, 0.676]",0.491,0.082,"[0.468, 0.514]",0.422,0.127,"[0.387, 0.458]",4.099,0.398,"[3.986, 4.212]",50
Non-random,250,0.3,Random,S-learner,No omission,0.539,0.227,"[0.475, 0.604]",0.501,0.078,"[0.479, 0.523]",0.352,0.069,"[0.332, 0.372]",7.444,0.421,"[7.324, 7.564]",50
Non-random,250,0.3,Random,T-learner,No omission,0.693,0.149,"[0.651, 0.735]",0.443,0.061,"[0.425, 0.460]",0.336,0.047,"[0.323, 0.349]",5.988,0.839,"[5.750, 6.227]",50
Non-random,250,0.3,Random,X-learner,No omission,0.481,0.245,"[0.411, 0.550]",0.465,0.079,"[0.443, 0.488]",0.308,0.068,"[0.289, 0.328]",5.437,0.261,"[5.363, 5.511]",50
Non-random,250,0.3,Random,DR-learner,No omission,0.615,0.169,"[0.566, 0.663]",0.408,0.052,"[0.394, 0.423]",0.277,0.038,"[0.266, 0.288]",5.758,0.802,"[5.531, 5.986]",50
Non-random,250,0.3,Core,S-learner,No omission,0.658,0.178,"[0.607, 0.708]",0.557,0.089,"[0.532, 0.583]",0.387,0.078,"[0.365, 0.409]",4.427,0.312,"[4.339, 4.516]",50
Non-random,250,0.3,Core,T-learner,No omission,0.493,0.298,"[0.408, 0.578]",0.555,0.067,"[0.535, 0.574]",0.453,0.062,"[0.435, 0.470]",5.229,1.034,"[4.935, 5.523]",50
Non-random,250,0.3,Core,X-learner,No omission,0.491,0.301,"[0.406, 0.577]",0.495,0.078,"[0.473, 0.517]",0.325,0.067,"[0.306, 0.344]",3.824,0.340,"[3.728, 3.921]",50
Non-random,250,0.3,Core,DR-learner,No omission,0.555,0.214,"[0.494, 0.616]",0.528,0.074,"[0.507, 0.549]",0.403,0.077,"[0.382, 0.425]",4.771,0.807,"[4.542, 5.001]",50
Non-random,250,0.3,Edge,S-learner,No omission,0.699,0.163,"[0.652, 0.745]",0.571,0.104,"[0.541, 0.600]",0.451,0.154,"[0.407, 0.494]",6.799,0.664,"[6.611, 6.988]",50
Non-random,250,0.3,Edge,T-learner,No omission,0.549,0.189,"[0.495, 0.603]",0.487,0.076,"[0.466, 0.509]",0.338,0.087,"[0.313, 0.363]",4.047,0.532,"[3.896, 4.198]",50
Non-random,250,0.3,Edge,X-learner,No omission,0.475,0.287,"[0.393, 0.556]",0.484,0.084,"[0.460, 0.508]",0.322,0.112,"[0.290, 0.354]",3.786,0.282,"[3.706, 3.866]",50
Non-random,250,0.3,Edge,DR-learner,No omission,0.525,0.187,"[0.472, 0.579]",0.435,0.071,"[0.414, 0.455]",0.261,0.065,"[0.242, 0.280]",3.641,0.533,"[3.490, 3.792]",50
Non-random,250,0.3,Random,S-learner,Omit covariate,0.578,0.242,"[0.509, 0.647]",0.481,0.087,"[0.456, 0.506]",0.355,0.064,"[0.337, 0.374]",7.234,0.449,"[7.106, 7.362]",50
Non-random,250,0.3,Random,T-learner,Omit covariate,0.632,0.225,"[0.568, 0.695]",0.456,0.068,"[0.437, 0.476]",0.381,0.061,"[0.364, 0.398]",6.038,0.635,"[5.857, 6.218]",50
Non-random,250,0.3,Random,X-learner,Omit covariate,0.541,0.241,"[0.472, 0.609]",0.474,0.097,"[0.446, 0.501]",0.334,0.067,"[0.315, 0.353]",5.505,0.316,"[5.415, 5.595]",50
Non-random,250,0.3,Random,DR-learner,Omit covariate,0.662,0.171,"[0.613, 0.710]",0.436,0.069,"[0.417, 0.456]",0.310,0.045,"[0.297, 0.323]",5.789,0.698,"[5.590, 5.987]",50
Non-random,250,0.3,Core,S-learner,Omit covariate,0.698,0.144,"[0.657, 0.739]",0.538,0.084,"[0.514, 0.562]",0.395,0.075,"[0.374, 0.417]",4.226,0.341,"[4.128, 4.323]",50
Non-random,250,0.3,Core,T-learner,Omit covariate,0.595,0.259,"[0.521, 0.668]",0.599,0.070,"[0.579, 0.619]",0.509,0.096,"[0.481, 0.536]",5.375,0.836,"[5.137, 5.612]",50
Non-random,250,0.3,Core,X-learner,Omit covariate,0.449,0.269,"[0.373, 0.526]",0.543,0.078,"[0.521, 0.565]",0.352,0.078,"[0.329, 0.374]",4.074,0.382,"[3.966, 4.183]",50
Non-random,250,0.3,Core,DR-learner,Omit covariate,0.511,0.244,"[0.442, 0.581]",0.559,0.064,"[0.541, 0.577]",0.437,0.076,"[0.416, 0.459]",5.004,0.926,"[4.741, 5.268]",50
Non-random,250,0.3,Edge,S-learner,Omit covariate,0.673,0.153,"[0.630, 0.716]",0.542,0.096,"[0.514, 0.569]",0.378,0.145,"[0.336, 0.419]",6.365,0.805,"[6.136, 6.594]",50
Non-random,250,0.3,Edge,T-learner,Omit covariate,0.651,0.160,"[0.606, 0.696]",0.512,0.087,"[0.487, 0.536]",0.366,0.119,"[0.332, 0.400]",4.219,0.556,"[4.061, 4.377]",50
Non-random,250,0.3,Edge,X-learner,Omit covariate,0.689,0.161,"[0.644, 0.735]",0.507,0.080,"[0.485, 0.530]",0.356,0.092,"[0.330, 0.382]",3.907,0.328,"[3.814, 4.001]",50
Non-random,250,0.3,Edge,DR-learner,Omit covariate,0.665,0.188,"[0.611, 0.718]",0.464,0.081,"[0.441, 0.487]",0.296,0.085,"[0.272, 0.320]",3.827,0.481,"[3.691, 3.964]",50
Non-random,500,0.3,Random,S-learner,No omission,0.528,0.183,"[0.476, 0.580]",0.475,0.071,"[0.455, 0.496]",0.282,0.035,"[0.272, 0.292]",6.838,0.391,"[6.727, 6.949]",50
Non-random,500,0.3,Random,T-learner,No omission,0.646,0.175,"[0.596, 0.696]",0.399,0.051,"[0.385, 0.413]",0.278,0.035,"[0.268, 0.287]",5.313,0.520,"[5.165, 5.460]",50
Non-random,500,0.3,Random,X-learner,No omission,0.361,0.212,"[0.300, 0.421]",0.429,0.063,"[0.411, 0.447]",0.258,0.040,"[0.247, 0.270]",5.137,0.224,"[5.074, 5.201]",50
Non-random,500,0.3,Random,DR-learner,No omission,0.574,0.197,"[0.518, 0.630]",0.358,0.058,"[0.342, 0.375]",0.220,0.023,"[0.213, 0.226]",4.994,0.477,"[4.859, 5.130]",50
Non-random,500,0.3,Core,S-learner,No omission,0.691,0.099,"[0.663, 0.719]",0.521,0.075,"[0.500, 0.542]",0.311,0.082,"[0.288, 0.334]",4.058,0.254,"[3.986, 4.130]",50
Non-random,500,0.3,Core,T-learner,No omission,0.482,0.246,"[0.412, 0.551]",0.511,0.067,"[0.492, 0.530]",0.388,0.067,"[0.369, 0.407]",4.703,0.905,"[4.446, 4.961]",50
Non-random,500,0.3,Core,X-learner,No omission,0.499,0.250,"[0.428, 0.570]",0.465,0.056,"[0.449, 0.480]",0.280,0.054,"[0.264, 0.295]",3.545,0.289,"[3.462, 3.627]",50
Non-random,500,0.3,Core,DR-learner,No omission,0.467,0.252,"[0.396, 0.539]",0.508,0.048,"[0.494, 0.522]",0.330,0.051,"[0.315, 0.344]",4.183,0.698,"[3.985, 4.381]",50
Non-random,500,0.3,Edge,S-learner,No omission,0.703,0.089,"[0.678, 0.728]",0.532,0.072,"[0.511, 0.552]",0.360,0.094,"[0.333, 0.387]",6.125,0.498,"[5.984, 6.267]",50
Non-random,500,0.3,Edge,T-learner,No omission,0.542,0.195,"[0.487, 0.598]",0.446,0.056,"[0.431, 0.462]",0.290,0.065,"[0.272, 0.308]",3.615,0.361,"[3.512, 3.718]",50
Non-random,500,0.3,Edge,X-learner,No omission,0.563,0.239,"[0.495, 0.630]",0.445,0.093,"[0.419, 0.472]",0.246,0.061,"[0.229, 0.264]",3.546,0.199,"[3.490, 3.603]",50
Non-random,500,0.3,Edge,DR-learner,No omission,0.465,0.178,"[0.415, 0.516]",0.407,0.059,"[0.391, 0.424]",0.204,0.044,"[0.192, 0.217]",3.283,0.322,"[3.192, 3.375]",50
Non-random,500,0.3,Random,S-learner,Omit covariate,0.487,0.230,"[0.421, 0.552]",0.426,0.067,"[0.407, 0.446]",0.276,0.038,"[0.265, 0.287]",6.551,0.300,"[6.466, 6.636]",50
Non-random,500,0.3,Random,T-learner,Omit covariate,0.569,0.228,"[0.504, 0.634]",0.435,0.059,"[0.418, 0.451]",0.304,0.036,"[0.294, 0.315]",5.377,0.441,"[5.252, 5.503]",50
Non-random,500,0.3,Random,X-learner,Omit covariate,0.434,0.245,"[0.364, 0.503]",0.449,0.073,"[0.428, 0.470]",0.270,0.037,"[0.259, 0.280]",5.180,0.220,"[5.117, 5.243]",50
Non-random,500,0.3,Random,DR-learner,Omit covariate,0.646,0.172,"[0.597, 0.694]",0.395,0.058,"[0.378, 0.411]",0.247,0.028,"[0.239, 0.255]",5.328,0.424,"[5.207, 5.449]",50
Non-random,500,0.3,Core,S-learner,Omit covariate,0.687,0.141,"[0.647, 0.727]",0.522,0.069,"[0.502, 0.541]",0.354,0.065,"[0.336, 0.373]",3.908,0.186,"[3.855, 3.960]",50
Non-random,500,0.3,Core,T-learner,Omit covariate,0.522,0.271,"[0.445, 0.599]",0.552,0.071,"[0.532, 0.572]",0.421,0.057,"[0.404, 0.437]",5.018,0.613,"[4.843, 5.192]",50
Non-random,500,0.3,Core,X-learner,Omit covariate,0.474,0.256,"[0.401, 0.546]",0.498,0.064,"[0.480, 0.516]",0.304,0.050,"[0.290, 0.318]",3.717,0.305,"[3.631, 3.804]",50
Non-random,500,0.3,Core,DR-learner,Omit covariate,0.598,0.169,"[0.550, 0.646]",0.547,0.059,"[0.531, 0.564]",0.383,0.059,"[0.366, 0.400]",4.881,0.660,"[4.694, 5.069]",50
Non-random,500,0.3,Edge,S-learner,Omit covariate,0.668,0.102,"[0.639, 0.697]",0.479,0.068,"[0.460, 0.498]",0.294,0.083,"[0.270, 0.318]",5.539,0.598,"[5.369, 5.709]",50
Non-random,500,0.3,Edge,T-learner,Omit covariate,0.624,0.172,"[0.576, 0.673]",0.469,0.077,"[0.447, 0.491]",0.292,0.085,"[0.268, 0.316]",3.648,0.349,"[3.549, 3.748]",50
Non-random,500,0.3,Edge,X-learner,Omit covariate,0.624,0.174,"[0.574, 0.673]",0.477,0.071,"[0.457, 0.498]",0.312,0.086,"[0.288, 0.337]",3.700,0.276,"[3.622, 3.779]",50
Non-random,500,0.3,Edge,DR-learner,Omit covariate,0.567,0.201,"[0.510, 0.624]",0.395,0.078,"[0.373, 0.417]",0.219,0.056,"[0.203, 0.235]",3.329,0.376,"[3.222, 3.436]",50
Non-random,1000,0.3,Random,S-learner,No omission,0.408,0.217,"[0.346, 0.470]",0.455,0.069,"[0.436, 0.475]",0.238,0.028,"[0.230, 0.246]",6.254,0.240,"[6.185, 6.322]",50
Non-random,1000,0.3,Random,T-learner,No omission,0.568,0.177,"[0.517, 0.618]",0.351,0.049,"[0.337, 0.365]",0.215,0.019,"[0.209, 0.220]",4.700,0.290,"[4.618, 4.782]",50
Non-random,1000,0.3,Random,X-learner,No omission,0.385,0.227,"[0.320, 0.449]",0.368,0.060,"[0.351, 0.385]",0.208,0.024,"[0.201, 0.215]",4.872,0.184,"[4.820, 4.924]",50
Non-random,1000,0.3,Random,DR-learner,No omission,0.463,0.195,"[0.407, 0.518]",0.340,0.044,"[0.327, 0.353]",0.189,0.017,"[0.184, 0.194]",4.468,0.281,"[4.389, 4.548]",50
Non-random,1000,0.3,Core,S-learner,No omission,0.656,0.097,"[0.628, 0.683]",0.483,0.061,"[0.465, 0.500]",0.241,0.041,"[0.229, 0.252]",3.671,0.174,"[3.622, 3.721]",50
Non-random,1000,0.3,Core,T-learner,No omission,0.517,0.210,"[0.457, 0.577]",0.492,0.059,"[0.475, 0.508]",0.324,0.050,"[0.309, 0.338]",4.105,0.520,"[3.958, 4.253]",50
Non-random,1000,0.3,Core,X-learner,No omission,0.532,0.219,"[0.469, 0.594]",0.435,0.040,"[0.424, 0.447]",0.245,0.047,"[0.232, 0.259]",3.322,0.233,"[3.256, 3.388]",50
Non-random,1000,0.3,Core,DR-learner,No omission,0.512,0.172,"[0.464, 0.561]",0.474,0.041,"[0.462, 0.485]",0.270,0.031,"[0.261, 0.279]",3.717,0.333,"[3.622, 3.812]",50
Non-random,1000,0.3,Edge,S-learner,No omission,0.671,0.069,"[0.651, 0.691]",0.517,0.056,"[0.501, 0.533]",0.343,0.072,"[0.322, 0.363]",5.266,0.289,"[5.184, 5.348]",50
Non-random,1000,0.3,Edge,T-learner,No omission,0.534,0.174,"[0.485, 0.584]",0.417,0.059,"[0.400, 0.434]",0.231,0.058,"[0.215, 0.248]",3.261,0.314,"[3.171, 3.350]",50
Non-random,1000,0.3,Edge,X-learner,No omission,0.497,0.212,"[0.437, 0.557]",0.391,0.063,"[0.373, 0.409]",0.205,0.036,"[0.195, 0.216]",3.335,0.166,"[3.288, 3.382]",50
Non-random,1000,0.3,Edge,DR-learner,No omission,0.452,0.162,"[0.407, 0.498]",0.375,0.046,"[0.362, 0.388]",0.176,0.034,"[0.167, 0.186]",2.979,0.237,"[2.911, 3.046]",50
Non-random,1000,0.3,Random,S-learner,Omit covariate,0.457,0.225,"[0.393, 0.521]",0.378,0.059,"[0.361, 0.395]",0.220,0.028,"[0.212, 0.228]",5.804,0.238,"[5.736, 5.871]",50
Non-random,1000,0.3,Random,T-learner,Omit covariate,0.570,0.192,"[0.515, 0.624]",0.405,0.055,"[0.389, 0.420]",0.242,0.029,"[0.234, 0.250]",5.031,0.443,"[4.905, 5.157]",50
Non-random,1000,0.3,Random,X-learner,Omit covariate,0.291,0.203,"[0.233, 0.348]",0.383,0.055,"[0.367, 0.398]",0.214,0.022,"[0.208, 0.221]",4.785,0.160,"[4.740, 4.831]",50
Non-random,1000,0.3,Random,DR-learner,Omit covariate,0.600,0.201,"[0.543, 0.657]",0.352,0.047,"[0.339, 0.365]",0.206,0.019,"[0.201, 0.211]",4.811,0.378,"[4.704, 4.919]",50
Non-random,1000,0.3,Core,S-learner,Omit covariate,0.651,0.125,"[0.616, 0.686]",0.478,0.062,"[0.460, 0.496]",0.269,0.042,"[0.257, 0.282]",3.478,0.148,"[3.436, 3.521]",50
Non-random,1000,0.3,Core,T-learner,Omit covariate,0.515,0.235,"[0.448, 0.581]",0.495,0.047,"[0.481, 0.508]",0.350,0.043,"[0.338, 0.362]",4.587,0.581,"[4.422, 4.752]",50
Non-random,1000,0.3,Core,X-learner,Omit covariate,0.428,0.254,"[0.356, 0.500]",0.450,0.046,"[0.437, 0.463]",0.255,0.032,"[0.246, 0.264]",3.458,0.189,"[3.404, 3.511]",50
Non-random,1000,0.3,Core,DR-learner,Omit covariate,0.515,0.184,"[0.463, 0.567]",0.508,0.042,"[0.496, 0.520]",0.321,0.030,"[0.312, 0.330]",4.401,0.490,"[4.262, 4.540]",50
Non-random,1000,0.3,Edge,S-learner,Omit covariate,0.637,0.063,"[0.619, 0.655]",0.446,0.061,"[0.429, 0.464]",0.239,0.047,"[0.226, 0.252]",4.627,0.427,"[4.506, 4.749]",50
Non-random,1000,0.3,Edge,T-learner,Omit covariate,0.615,0.112,"[0.583, 0.647]",0.423,0.061,"[0.405, 0.440]",0.245,0.047,"[0.232, 0.259]",3.476,0.300,"[3.391, 3.562]",50
Non-random,1000,0.3,Edge,X-learner,Omit covariate,0.604,0.148,"[0.561, 0.646]",0.432,0.048,"[0.418, 0.445]",0.242,0.056,"[0.226, 0.258]",3.442,0.181,"[3.391, 3.494]",50
Non-random,1000,0.3,Edge,DR-learner,Omit covariate,0.376,0.244,"[0.307, 0.446]",0.327,0.057,"[0.311, 0.344]",0.168,0.024,"[0.161, 0.175]",2.865,0.190,"[2.811, 2.919]",50
Non-random,250,0.5,Random,S-learner,No omission,0.656,0.231,"[0.591, 0.722]",0.558,0.105,"[0.528, 0.588]",0.429,0.089,"[0.404, 0.455]",7.397,0.387,"[7.288, 7.507]",50
Non-random,250,0.5,Random,T-learner,No omission,0.664,0.240,"[0.596, 0.732]",0.463,0.076,"[0.441, 0.484]",0.352,0.058,"[0.335, 0.368]",5.651,0.540,"[5.498, 5.805]",50
Non-random,250,0.5,Random,X-learner,No omission,0.464,0.244,"[0.395, 0.534]",0.437,0.065,"[0.419, 0.456]",0.278,0.050,"[0.263, 0.292]",5.265,0.254,"[5.192, 5.337]",50
Non-random,250,0.5,Random,DR-learner,No omission,0.541,0.230,"[0.476, 0.607]",0.434,0.090,"[0.408, 0.459]",0.306,0.059,"[0.289, 0.323]",5.330,0.483,"[5.193, 5.468]",50
Non-random,250,0.5,Core,S-learner,No omission,0.713,0.121,"[0.678, 0.747]",0.567,0.089,"[0.542, 0.593]",0.392,0.086,"[0.368, 0.417]",4.368,0.278,"[4.289, 4.447]",50
Non-random,250,0.5,Core,T-learner,No omission,0.615,0.237,"[0.547, 0.682]",0.587,0.080,"[0.564, 0.610]",0.460,0.070,"[0.440, 0.480]",4.785,0.783,"[4.563, 5.008]",50
Non-random,250,0.5,Core,X-learner,No omission,0.496,0.269,"[0.419, 0.572]",0.495,0.074,"[0.475, 0.516]",0.333,0.074,"[0.312, 0.354]",3.827,0.421,"[3.708, 3.947]",50
Non-random,250,0.5,Core,DR-learner,No omission,0.546,0.266,"[0.471, 0.622]",0.511,0.073,"[0.490, 0.532]",0.359,0.067,"[0.340, 0.378]",4.286,0.653,"[4.100, 4.471]",50
Non-random,250,0.5,Edge,S-learner,No omission,0.737,0.188,"[0.683, 0.790]",0.634,0.133,"[0.596, 0.671]",0.577,0.242,"[0.508, 0.646]",6.521,0.668,"[6.331, 6.711]",50
Non-random,250,0.5,Edge,T-learner,No omission,0.635,0.224,"[0.571, 0.699]",0.555,0.076,"[0.534, 0.577]",0.430,0.135,"[0.391, 0.468]",4.245,0.531,"[4.094, 4.396]",50
Non-random,250,0.5,Edge,X-learner,No omission,0.524,0.246,"[0.454, 0.594]",0.484,0.106,"[0.454, 0.514]",0.295,0.095,"[0.268, 0.322]",3.709,0.343,"[3.611, 3.806]",50
Non-random,250,0.5,Edge,DR-learner,No omission,0.566,0.286,"[0.485, 0.647]",0.513,0.110,"[0.482, 0.544]",0.402,0.139,"[0.363, 0.442]",3.980,0.581,"[3.815, 4.145]",50
Non-random,250,0.5,Random,S-learner,Omit covariate,0.681,0.237,"[0.613, 0.748]",0.534,0.106,"[0.504, 0.564]",0.408,0.071,"[0.388, 0.428]",7.075,0.475,"[6.939, 7.210]",50
Non-random,250,0.5,Random,T-learner,Omit covariate,0.625,0.240,"[0.556, 0.693]",0.515,0.072,"[0.495, 0.536]",0.414,0.058,"[0.398, 0.430]",6.009,0.482,"[5.872, 6.146]",50
Non-random,250,0.5,Random,X-learner,Omit covariate,0.500,0.282,"[0.420, 0.580]",0.451,0.073,"[0.430, 0.472]",0.316,0.053,"[0.301, 0.331]",5.330,0.289,"[5.248, 5.412]",50
Non-random,250,0.5,Random,DR-learner,Omit covariate,0.625,0.244,"[0.556, 0.695]",0.467,0.074,"[0.446, 0.488]",0.340,0.059,"[0.324, 0.357]",5.564,0.421,"[5.445, 5.684]",50
Non-random,250,0.5,Core,S-learner,Omit covariate,0.754,0.146,"[0.712, 0.795]",0.573,0.101,"[0.544, 0.602]",0.454,0.092,"[0.428, 0.480]",4.293,0.279,"[4.213, 4.372]",50
Non-random,250,0.5,Core,T-learner,Omit covariate,0.584,0.277,"[0.505, 0.663]",0.596,0.092,"[0.570, 0.623]",0.494,0.082,"[0.470, 0.517]",5.291,0.864,"[5.046, 5.537]",50
Non-random,250,0.5,Core,X-learner,Omit covariate,0.589,0.274,"[0.512, 0.667]",0.525,0.068,"[0.506, 0.545]",0.368,0.063,"[0.350, 0.385]",4.086,0.389,"[3.975, 4.197]",50
Non-random,250,0.5,Core,DR-learner,Omit covariate,0.573,0.233,"[0.507, 0.639]",0.535,0.082,"[0.511, 0.558]",0.397,0.086,"[0.373, 0.422]",4.489,0.740,"[4.279, 4.699]",50
Non-random,250,0.5,Edge,S-learner,Omit covariate,0.720,0.103,"[0.690, 0.749]",0.598,0.104,"[0.569, 0.628]",0.510,0.194,"[0.455, 0.565]",6.070,0.754,"[5.855, 6.284]",50
Non-random,250,0.5,Edge,T-learner,Omit covariate,0.692,0.151,"[0.650, 0.735]",0.549,0.080,"[0.526, 0.572]",0.484,0.132,"[0.447, 0.522]",4.565,0.612,"[4.391, 4.739]",50
Non-random,250,0.5,Edge,X-learner,Omit covariate,0.651,0.175,"[0.601, 0.701]",0.498,0.095,"[0.471, 0.525]",0.359,0.101,"[0.330, 0.388]",3.876,0.338,"[3.780, 3.972]",50
Non-random,250,0.5,Edge,DR-learner,Omit covariate,0.661,0.221,"[0.598, 0.724]",0.531,0.114,"[0.499, 0.563]",0.397,0.147,"[0.355, 0.439]",4.118,0.502,"[3.975, 4.260]",50
Non-random,500,0.5,Random,S-learner,No omission,0.511,0.217,"[0.449, 0.572]",0.513,0.075,"[0.492, 0.534]",0.331,0.053,"[0.316, 0.346]",6.741,0.334,"[6.646, 6.836]",50
Non-random,500,0.5,Random,T-learner,No omission,0.595,0.238,"[0.527, 0.662]",0.427,0.063,"[0.409, 0.445]",0.291,0.035,"[0.281, 0.301]",5.206,0.354,"[5.105, 5.306]",50
Non-random,500,0.5,Random,X-learner,No omission,0.487,0.241,"[0.418, 0.555]",0.375,0.057,"[0.358, 0.391]",0.213,0.024,"[0.206, 0.219]",4.906,0.229,"[4.841, 4.971]",50
Non-random,500,0.5,Random,DR-learner,No omission,0.525,0.237,"[0.458, 0.593]",0.359,0.060,"[0.342, 0.376]",0.230,0.031,"[0.221, 0.239]",4.816,0.288,"[4.734, 4.897]",50
Non-random,500,0.5,Core,S-learner,No omission,0.681,0.103,"[0.652, 0.710]",0.534,0.090,"[0.508, 0.559]",0.332,0.065,"[0.314, 0.350]",3.928,0.202,"[3.871, 3.985]",50
Non-random,500,0.5,Core,T-learner,No omission,0.534,0.274,"[0.456, 0.612]",0.526,0.074,"[0.505, 0.547]",0.378,0.063,"[0.360, 0.396]",4.156,0.504,"[4.013, 4.300]",50
Non-random,500,0.5,Core,X-learner,No omission,0.563,0.241,"[0.495, 0.632]",0.494,0.053,"[0.479, 0.509]",0.275,0.043,"[0.262, 0.287]",3.551,0.253,"[3.479, 3.623]",50
Non-random,500,0.5,Core,DR-learner,No omission,0.512,0.250,"[0.441, 0.583]",0.476,0.072,"[0.456, 0.497]",0.291,0.051,"[0.276, 0.305]",3.754,0.406,"[3.639, 3.870]",50
Non-random,500,0.5,Edge,S-learner,No omission,0.714,0.081,"[0.691, 0.737]",0.567,0.066,"[0.548, 0.586]",0.447,0.102,"[0.418, 0.476]",5.567,0.473,"[5.432, 5.701]",50
Non-random,500,0.5,Edge,T-learner,No omission,0.579,0.208,"[0.520, 0.639]",0.525,0.087,"[0.500, 0.549]",0.389,0.118,"[0.356, 0.423]",3.945,0.427,"[3.824, 4.067]",50
Non-random,500,0.5,Edge,X-learner,No omission,0.578,0.220,"[0.516, 0.641]",0.435,0.071,"[0.414, 0.455]",0.236,0.062,"[0.218, 0.254]",3.450,0.201,"[3.393, 3.507]",50
Non-random,500,0.5,Edge,DR-learner,No omission,0.462,0.249,"[0.391, 0.533]",0.452,0.092,"[0.426, 0.478]",0.298,0.115,"[0.265, 0.331]",3.483,0.421,"[3.364, 3.603]",50
Non-random,500,0.5,Random,S-learner,Omit covariate,0.484,0.256,"[0.411, 0.556]",0.444,0.064,"[0.425, 0.462]",0.297,0.047,"[0.284, 0.311]",6.291,0.331,"[6.197, 6.385]",50
Non-random,500,0.5,Random,T-learner,Omit covariate,0.609,0.219,"[0.547, 0.671]",0.455,0.069,"[0.435, 0.474]",0.335,0.056,"[0.319, 0.351]",5.454,0.393,"[5.342, 5.565]",50
Non-random,500,0.5,Random,X-learner,Omit covariate,0.392,0.233,"[0.326, 0.458]",0.392,0.062,"[0.374, 0.409]",0.237,0.029,"[0.228, 0.245]",4.899,0.243,"[4.830, 4.969]",50
Non-random,500,0.5,Random,DR-learner,Omit covariate,0.520,0.254,"[0.448, 0.592]",0.411,0.062,"[0.393, 0.428]",0.251,0.039,"[0.240, 0.262]",4.985,0.402,"[4.871, 5.099]",50
Non-random,500,0.5,Core,S-learner,Omit covariate,0.655,0.190,"[0.601, 0.709]",0.519,0.071,"[0.499, 0.539]",0.349,0.059,"[0.332, 0.366]",3.772,0.181,"[3.721, 3.823]",50
Non-random,500,0.5,Core,T-learner,Omit covariate,0.529,0.281,"[0.449, 0.609]",0.543,0.078,"[0.521, 0.565]",0.413,0.074,"[0.392, 0.434]",4.448,0.573,"[4.285, 4.611]",50
Non-random,500,0.5,Core,X-learner,Omit covariate,0.568,0.218,"[0.506, 0.630]",0.486,0.066,"[0.468, 0.505]",0.308,0.053,"[0.293, 0.323]",3.801,0.309,"[3.713, 3.888]",50
Non-random,500,0.5,Core,DR-learner,Omit covariate,0.523,0.247,"[0.453, 0.593]",0.499,0.074,"[0.478, 0.520]",0.331,0.055,"[0.316, 0.347]",4.133,0.531,"[3.982, 4.284]",50
Non-random,500,0.5,Edge,S-learner,Omit covariate,0.665,0.152,"[0.622, 0.708]",0.525,0.084,"[0.501, 0.548]",0.366,0.105,"[0.336, 0.396]",5.160,0.473,"[5.026, 5.294]",50
Non-random,500,0.5,Edge,T-learner,Omit covariate,0.699,0.113,"[0.667, 0.731]",0.530,0.083,"[0.506, 0.554]",0.410,0.112,"[0.378, 0.442]",4.178,0.400,"[4.064, 4.291]",50
Non-random,500,0.5,Edge,X-learner,Omit covariate,0.642,0.131,"[0.605, 0.680]",0.470,0.085,"[0.446, 0.494]",0.299,0.079,"[0.276, 0.321]",3.642,0.258,"[3.569, 3.716]",50
Non-random,500,0.5,Edge,DR-learner,Omit covariate,0.620,0.203,"[0.562, 0.677]",0.467,0.098,"[0.439, 0.495]",0.293,0.097,"[0.265, 0.320]",3.609,0.397,"[3.496, 3.722]",50
Non-random,1000,0.5,Random,S-learner,No omission,0.452,0.226,"[0.387, 0.516]",0.452,0.065,"[0.433, 0.470]",0.264,0.036,"[0.254, 0.274]",6.104,0.242,"[6.035, 6.173]",50
Non-random,1000,0.5,Random,T-learner,No omission,0.550,0.224,"[0.486, 0.614]",0.372,0.047,"[0.358, 0.385]",0.233,0.026,"[0.226, 0.241]",4.788,0.277,"[4.710, 4.867]",50
Non-random,1000,0.5,Random,X-learner,No omission,0.322,0.195,"[0.266, 0.377]",0.348,0.046,"[0.335, 0.361]",0.180,0.012,"[0.176, 0.183]",4.641,0.154,"[4.598, 4.685]",50
Non-random,1000,0.5,Random,DR-learner,No omission,0.447,0.226,"[0.383, 0.511]",0.330,0.033,"[0.321, 0.339]",0.190,0.019,"[0.185, 0.195]",4.479,0.217,"[4.418, 4.541]",50
Non-random,1000,0.5,Core,S-learner,No omission,0.677,0.086,"[0.653, 0.701]",0.500,0.075,"[0.479, 0.521]",0.267,0.041,"[0.255, 0.278]",3.606,0.147,"[3.564, 3.648]",50
Non-random,1000,0.5,Core,T-learner,No omission,0.526,0.227,"[0.462, 0.591]",0.481,0.054,"[0.466, 0.496]",0.305,0.048,"[0.292, 0.319]",3.768,0.436,"[3.644, 3.892]",50
Non-random,1000,0.5,Core,X-learner,No omission,0.512,0.217,"[0.451, 0.574]",0.432,0.050,"[0.418, 0.446]",0.234,0.029,"[0.226, 0.243]",3.277,0.180,"[3.226, 3.328]",50
Non-random,1000,0.5,Core,DR-learner,No omission,0.455,0.239,"[0.387, 0.523]",0.457,0.058,"[0.441, 0.474]",0.247,0.032,"[0.238, 0.256]",3.411,0.262,"[3.336, 3.485]",50
Non-random,1000,0.5,Edge,S-learner,No omission,0.677,0.063,"[0.659, 0.695]",0.520,0.054,"[0.505, 0.535]",0.364,0.092,"[0.338, 0.390]",4.856,0.313,"[4.767, 4.945]",50
Non-random,1000,0.5,Edge,T-learner,No omission,0.562,0.210,"[0.503, 0.622]",0.452,0.064,"[0.434, 0.470]",0.282,0.073,"[0.262, 0.303]",3.553,0.328,"[3.460, 3.646]",50
Non-random,1000,0.5,Edge,X-learner,No omission,0.481,0.230,"[0.416, 0.547]",0.383,0.068,"[0.364, 0.402]",0.193,0.040,"[0.182, 0.204]",3.210,0.192,"[3.155, 3.264]",50
Non-random,1000,0.5,Edge,DR-learner,No omission,0.450,0.238,"[0.383, 0.518]",0.392,0.060,"[0.375, 0.409]",0.216,0.053,"[0.202, 0.231]",3.188,0.238,"[3.120, 3.255]",50
Non-random,1000,0.5,Random,S-learner,Omit covariate,0.463,0.245,"[0.394, 0.533]",0.397,0.056,"[0.381, 0.413]",0.243,0.031,"[0.234, 0.252]",5.679,0.276,"[5.600, 5.757]",50
Non-random,1000,0.5,Random,T-learner,Omit covariate,0.536,0.225,"[0.472, 0.600]",0.409,0.055,"[0.393, 0.425]",0.268,0.035,"[0.258, 0.278]",5.043,0.321,"[4.952, 5.134]",50
Non-random,1000,0.5,Random,X-learner,Omit covariate,0.310,0.203,"[0.252, 0.368]",0.364,0.047,"[0.350, 0.377]",0.201,0.018,"[0.196, 0.206]",4.610,0.183,"[4.558, 4.662]",50
Non-random,1000,0.5,Random,DR-learner,Omit covariate,0.413,0.216,"[0.351, 0.474]",0.349,0.057,"[0.333, 0.365]",0.205,0.021,"[0.199, 0.211]",4.573,0.268,"[4.497, 4.649]",50
Non-random,1000,0.5,Core,S-learner,Omit covariate,0.658,0.089,"[0.632, 0.683]",0.466,0.055,"[0.451, 0.482]",0.275,0.044,"[0.263, 0.288]",3.435,0.124,"[3.399, 3.470]",50
Non-random,1000,0.5,Core,T-learner,Omit covariate,0.478,0.253,"[0.406, 0.550]",0.510,0.066,"[0.491, 0.529]",0.360,0.043,"[0.348, 0.373]",4.217,0.481,"[4.080, 4.354]",50
Non-random,1000,0.5,Core,X-learner,Omit covariate,0.489,0.235,"[0.422, 0.555]",0.459,0.062,"[0.442, 0.477]",0.254,0.036,"[0.244, 0.264]",3.444,0.225,"[3.380, 3.508]",50
Non-random,1000,0.5,Core,DR-learner,Omit covariate,0.485,0.250,"[0.414, 0.556]",0.487,0.061,"[0.470, 0.505]",0.295,0.045,"[0.282, 0.308]",3.860,0.369,"[3.756, 3.965]",50
Non-random,1000,0.5,Edge,S-learner,Omit covariate,0.689,0.080,"[0.666, 0.712]",0.488,0.071,"[0.468, 0.508]",0.305,0.073,"[0.284, 0.326]",4.390,0.385,"[4.280, 4.499]",50
Non-random,1000,0.5,Edge,T-learner,Omit covariate,0.636,0.161,"[0.591, 0.682]",0.453,0.071,"[0.433, 0.473]",0.316,0.074,"[0.295, 0.337]",3.884,0.308,"[3.797, 3.972]",50
Non-random,1000,0.5,Edge,X-learner,Omit covariate,0.564,0.191,"[0.509, 0.618]",0.435,0.070,"[0.415, 0.454]",0.233,0.047,"[0.220, 0.246]",3.354,0.178,"[3.303, 3.405]",50
Non-random,1000,0.5,Edge,DR-learner,Omit covariate,0.520,0.235,"[0.454, 0.587]",0.390,0.071,"[0.370, 0.410]",0.219,0.050,"[0.204, 0.233]",3.229,0.252,"[3.157, 3.301]",50
Non-random,250,0.7,Random,S-learner,No omission,0.755,0.214,"[0.694, 0.815]",0.650,0.108,"[0.619, 0.681]",0.519,0.119,"[0.485, 0.553]",7.622,0.416,"[7.504, 7.741]",50
Non-random,250,0.7,Random,T-learner,No omission,0.655,0.260,"[0.581, 0.729]",0.567,0.090,"[0.542, 0.593]",0.466,0.085,"[0.442, 0.490]",6.041,0.461,"[5.910, 6.172]",50
Non-random,250,0.7,Random,X-learner,No omission,0.607,0.220,"[0.545, 0.670]",0.443,0.078,"[0.420, 0.465]",0.291,0.047,"[0.278, 0.305]",5.335,0.331,"[5.241, 5.429]",50
Non-random,250,0.7,Random,DR-learner,No omission,0.634,0.274,"[0.556, 0.712]",0.597,0.110,"[0.566, 0.629]",0.474,0.116,"[0.441, 0.507]",6.062,0.649,"[5.878, 6.247]",50
Non-random,250,0.7,Core,S-learner,No omission,0.719,0.137,"[0.680, 0.758]",0.596,0.087,"[0.572, 0.621]",0.469,0.086,"[0.445, 0.494]",4.478,0.258,"[4.405, 4.552]",50
Non-random,250,0.7,Core,T-learner,No omission,0.605,0.273,"[0.528, 0.683]",0.576,0.090,"[0.551, 0.602]",0.455,0.088,"[0.430, 0.480]",4.504,0.598,"[4.334, 4.674]",50
Non-random,250,0.7,Core,X-learner,No omission,0.689,0.197,"[0.633, 0.745]",0.539,0.071,"[0.519, 0.559]",0.362,0.072,"[0.341, 0.382]",4.074,0.487,"[3.935, 4.212]",50
Non-random,250,0.7,Core,DR-learner,No omission,0.616,0.197,"[0.560, 0.672]",0.540,0.080,"[0.517, 0.563]",0.414,0.103,"[0.385, 0.444]",4.369,0.609,"[4.196, 4.542]",50
Non-random,250,0.7,Edge,S-learner,No omission,0.816,0.144,"[0.775, 0.857]",0.680,0.117,"[0.647, 0.713]",0.726,0.235,"[0.659, 0.792]",6.613,0.556,"[6.455, 6.770]",50
Non-random,250,0.7,Edge,T-learner,No omission,0.734,0.240,"[0.666, 0.802]",0.655,0.100,"[0.627, 0.684]",0.691,0.173,"[0.642, 0.741]",5.415,0.953,"[5.144, 5.686]",50
Non-random,250,0.7,Edge,X-learner,No omission,0.595,0.201,"[0.538, 0.652]",0.536,0.093,"[0.510, 0.563]",0.387,0.126,"[0.351, 0.423]",3.901,0.380,"[3.793, 4.009]",50
Non-random,250,0.7,Edge,DR-learner,No omission,0.807,0.249,"[0.736, 0.878]",0.663,0.125,"[0.627, 0.698]",0.673,0.227,"[0.608, 0.737]",4.802,0.708,"[4.601, 5.004]",50
Non-random,250,0.7,Random,S-learner,Omit covariate,0.700,0.197,"[0.644, 0.756]",0.582,0.111,"[0.550, 0.613]",0.465,0.097,"[0.438, 0.493]",7.341,0.410,"[7.225, 7.458]",50
Non-random,250,0.7,Random,T-learner,Omit covariate,0.726,0.257,"[0.653, 0.799]",0.609,0.097,"[0.581, 0.637]",0.518,0.113,"[0.486, 0.550]",6.335,0.516,"[6.189, 6.482]",50
Non-random,250,0.7,Random,X-learner,Omit covariate,0.618,0.247,"[0.548, 0.688]",0.461,0.088,"[0.436, 0.486]",0.311,0.057,"[0.295, 0.327]",5.397,0.425,"[5.276, 5.518]",50
Non-random,250,0.7,Random,DR-learner,Omit covariate,0.649,0.219,"[0.586, 0.711]",0.558,0.092,"[0.532, 0.584]",0.469,0.113,"[0.437, 0.501]",6.010,0.505,"[5.867, 6.154]",50
Non-random,250,0.7,Core,S-learner,Omit covariate,0.727,0.201,"[0.670, 0.785]",0.593,0.091,"[0.567, 0.619]",0.503,0.102,"[0.474, 0.532]",4.350,0.289,"[4.268, 4.432]",50
Non-random,250,0.7,Core,T-learner,Omit covariate,0.661,0.261,"[0.587, 0.735]",0.616,0.095,"[0.589, 0.643]",0.494,0.095,"[0.467, 0.521]",5.051,0.880,"[4.801, 5.301]",50
Non-random,250,0.7,Core,X-learner,Omit covariate,0.675,0.239,"[0.607, 0.743]",0.551,0.072,"[0.531, 0.571]",0.394,0.083,"[0.370, 0.417]",4.380,0.736,"[4.171, 4.589]",50
Non-random,250,0.7,Core,DR-learner,Omit covariate,0.632,0.255,"[0.559, 0.704]",0.573,0.104,"[0.543, 0.602]",0.449,0.101,"[0.421, 0.478]",4.717,0.682,"[4.524, 4.911]",50
Non-random,250,0.7,Edge,S-learner,Omit covariate,0.836,0.155,"[0.792, 0.880]",0.656,0.120,"[0.622, 0.690]",0.694,0.222,"[0.631, 0.757]",5.996,0.784,"[5.773, 6.219]",50
Non-random,250,0.7,Edge,T-learner,Omit covariate,0.769,0.142,"[0.729, 0.809]",0.659,0.099,"[0.631, 0.687]",0.698,0.185,"[0.645, 0.750]",5.864,1.235,"[5.513, 6.215]",50
Non-random,250,0.7,Edge,X-learner,Omit covariate,0.709,0.186,"[0.657, 0.762]",0.564,0.112,"[0.532, 0.596]",0.438,0.136,"[0.399, 0.476]",4.120,0.356,"[4.019, 4.221]",50
Non-random,250,0.7,Edge,DR-learner,Omit covariate,0.790,0.220,"[0.728, 0.853]",0.634,0.121,"[0.599, 0.668]",0.650,0.201,"[0.593, 0.707]",5.324,0.986,"[5.044, 5.604]",50
Non-random,500,0.7,Random,S-learner,No omission,0.627,0.252,"[0.556, 0.699]",0.587,0.083,"[0.564, 0.611]",0.425,0.072,"[0.404, 0.445]",7.111,0.403,"[6.996, 7.225]",50
Non-random,500,0.7,Random,T-learner,No omission,0.604,0.262,"[0.529, 0.678]",0.498,0.083,"[0.475, 0.522]",0.359,0.060,"[0.343, 0.376]",5.495,0.361,"[5.392, 5.597]",50
Non-random,500,0.7,Random,X-learner,No omission,0.497,0.259,"[0.423, 0.571]",0.383,0.053,"[0.368, 0.398]",0.229,0.032,"[0.220, 0.238]",4.948,0.237,"[4.881, 5.015]",50
Non-random,500,0.7,Random,DR-learner,No omission,0.457,0.260,"[0.383, 0.531]",0.501,0.100,"[0.472, 0.529]",0.336,0.060,"[0.319, 0.354]",5.315,0.352,"[5.215, 5.415]",50
Non-random,500,0.7,Core,S-learner,No omission,0.698,0.090,"[0.673, 0.723]",0.581,0.062,"[0.563, 0.599]",0.368,0.060,"[0.351, 0.385]",4.126,0.234,"[4.060, 4.193]",50
Non-random,500,0.7,Core,T-learner,No omission,0.619,0.260,"[0.545, 0.693]",0.529,0.094,"[0.502, 0.556]",0.392,0.072,"[0.371, 0.412]",4.098,0.446,"[3.971, 4.225]",50
Non-random,500,0.7,Core,X-learner,No omission,0.648,0.200,"[0.591, 0.705]",0.488,0.076,"[0.467, 0.510]",0.296,0.055,"[0.280, 0.311]",3.663,0.297,"[3.578, 3.747]",50
Non-random,500,0.7,Core,DR-learner,No omission,0.568,0.226,"[0.504, 0.632]",0.497,0.080,"[0.474, 0.520]",0.327,0.065,"[0.309, 0.346]",3.813,0.423,"[3.693, 3.933]",50
Non-random,500,0.7,Edge,S-learner,No omission,0.746,0.116,"[0.713, 0.778]",0.615,0.118,"[0.582, 0.649]",0.601,0.170,"[0.553, 0.649]",5.835,0.533,"[5.683, 5.986]",50
Non-random,500,0.7,Edge,T-learner,No omission,0.658,0.223,"[0.594, 0.721]",0.585,0.076,"[0.564, 0.607]",0.529,0.167,"[0.482, 0.577]",4.663,0.658,"[4.476, 4.850]",50
Non-random,500,0.7,Edge,X-learner,No omission,0.585,0.230,"[0.520, 0.650]",0.469,0.075,"[0.448, 0.491]",0.282,0.070,"[0.262, 0.302]",3.582,0.243,"[3.513, 3.651]",50
Non-random,500,0.7,Edge,DR-learner,No omission,0.681,0.306,"[0.594, 0.768]",0.584,0.130,"[0.547, 0.620]",0.531,0.225,"[0.467, 0.595]",4.314,0.620,"[4.138, 4.490]",50
Non-random,500,0.7,Random,S-learner,Omit covariate,0.604,0.221,"[0.542, 0.667]",0.513,0.083,"[0.489, 0.536]",0.373,0.062,"[0.356, 0.391]",6.633,0.385,"[6.523, 6.742]",50
Non-random,500,0.7,Random,T-learner,Omit covariate,0.594,0.257,"[0.521, 0.667]",0.529,0.083,"[0.505, 0.553]",0.402,0.062,"[0.385, 0.420]",5.701,0.401,"[5.587, 5.815]",50
Non-random,500,0.7,Random,X-learner,Omit covariate,0.552,0.258,"[0.478, 0.625]",0.405,0.068,"[0.385, 0.424]",0.252,0.027,"[0.244, 0.260]",5.064,0.228,"[5.000, 5.129]",50
Non-random,500,0.7,Random,DR-learner,Omit covariate,0.584,0.237,"[0.516, 0.651]",0.515,0.084,"[0.492, 0.539]",0.358,0.075,"[0.337, 0.379]",5.460,0.438,"[5.335, 5.584]",50
Non-random,500,0.7,Core,S-learner,Omit covariate,0.723,0.139,"[0.683, 0.762]",0.568,0.098,"[0.540, 0.596]",0.414,0.077,"[0.393, 0.436]",3.976,0.224,"[3.913, 4.040]",50
Non-random,500,0.7,Core,T-learner,Omit covariate,0.606,0.273,"[0.528, 0.683]",0.555,0.074,"[0.534, 0.576]",0.410,0.069,"[0.390, 0.430]",4.358,0.551,"[4.201, 4.514]",50
Non-random,500,0.7,Core,X-learner,Omit covariate,0.634,0.180,"[0.583, 0.686]",0.510,0.059,"[0.493, 0.527]",0.316,0.049,"[0.302, 0.330]",3.843,0.333,"[3.748, 3.937]",50
Non-random,500,0.7,Core,DR-learner,Omit covariate,0.579,0.256,"[0.506, 0.652]",0.505,0.084,"[0.481, 0.528]",0.361,0.086,"[0.336, 0.385]",4.117,0.533,"[3.966, 4.269]",50
Non-random,500,0.7,Edge,S-learner,Omit covariate,0.744,0.128,"[0.708, 0.781]",0.604,0.092,"[0.577, 0.630]",0.543,0.180,"[0.492, 0.594]",5.408,0.546,"[5.253, 5.563]",50
Non-random,500,0.7,Edge,T-learner,Omit covariate,0.730,0.139,"[0.691, 0.770]",0.607,0.062,"[0.590, 0.625]",0.586,0.138,"[0.547, 0.625]",4.995,0.608,"[4.822, 5.168]",50
Non-random,500,0.7,Edge,X-learner,Omit covariate,0.694,0.141,"[0.654, 0.735]",0.509,0.073,"[0.488, 0.530]",0.332,0.088,"[0.307, 0.357]",3.770,0.356,"[3.669, 3.871]",50
Non-random,500,0.7,Edge,DR-learner,Omit covariate,0.746,0.205,"[0.687, 0.804]",0.579,0.120,"[0.545, 0.613]",0.533,0.182,"[0.481, 0.585]",4.574,0.680,"[4.380, 4.767]",50
Non-random,1000,0.7,Random,S-learner,No omission,0.565,0.213,"[0.504, 0.625]",0.517,0.065,"[0.499, 0.536]",0.329,0.048,"[0.316, 0.343]",6.447,0.309,"[6.359, 6.534]",50
Non-random,1000,0.7,Random,T-learner,No omission,0.510,0.256,"[0.437, 0.583]",0.418,0.064,"[0.400, 0.436]",0.287,0.037,"[0.277, 0.298]",5.071,0.275,"[4.993, 5.149]",50
Non-random,1000,0.7,Random,X-learner,No omission,0.375,0.228,"[0.311, 0.440]",0.335,0.045,"[0.322, 0.347]",0.180,0.020,"[0.174, 0.186]",4.567,0.227,"[4.502, 4.631]",50
Non-random,1000,0.7,Random,DR-learner,No omission,0.461,0.230,"[0.396, 0.527]",0.422,0.062,"[0.404, 0.440]",0.256,0.033,"[0.246, 0.265]",4.946,0.274,"[4.868, 5.024]",50
Non-random,1000,0.7,Core,S-learner,No omission,0.706,0.088,"[0.681, 0.731]",0.540,0.065,"[0.521, 0.559]",0.319,0.047,"[0.306, 0.333]",3.741,0.169,"[3.693, 3.789]",50
Non-random,1000,0.7,Core,T-learner,No omission,0.598,0.242,"[0.529, 0.666]",0.497,0.074,"[0.476, 0.518]",0.341,0.062,"[0.324, 0.359]",3.880,0.407,"[3.764, 3.996]",50
Non-random,1000,0.7,Core,X-learner,No omission,0.620,0.170,"[0.572, 0.668]",0.472,0.048,"[0.458, 0.485]",0.255,0.034,"[0.245, 0.265]",3.425,0.215,"[3.364, 3.487]",50
Non-random,1000,0.7,Core,DR-learner,No omission,0.471,0.248,"[0.401, 0.542]",0.446,0.046,"[0.433, 0.459]",0.269,0.046,"[0.256, 0.282]",3.413,0.292,"[3.330, 3.496]",50
Non-random,1000,0.7,Edge,S-learner,No omission,0.716,0.082,"[0.693, 0.740]",0.560,0.061,"[0.543, 0.577]",0.497,0.102,"[0.468, 0.526]",5.205,0.340,"[5.108, 5.302]",50
Non-random,1000,0.7,Edge,T-learner,No omission,0.604,0.229,"[0.539, 0.669]",0.525,0.068,"[0.505, 0.544]",0.414,0.103,"[0.385, 0.443]",4.168,0.410,"[4.052, 4.285]",50
Non-random,1000,0.7,Edge,X-learner,No omission,0.522,0.213,"[0.462, 0.582]",0.411,0.062,"[0.393, 0.428]",0.215,0.057,"[0.199, 0.231]",3.258,0.249,"[3.187, 3.329]",50
Non-random,1000,0.7,Edge,DR-learner,No omission,0.557,0.279,"[0.478, 0.636]",0.487,0.102,"[0.458, 0.516]",0.372,0.124,"[0.337, 0.407]",3.922,0.359,"[3.820, 4.024]",50
Non-random,1000,0.7,Random,S-learner,Omit covariate,0.564,0.197,"[0.508, 0.620]",0.453,0.080,"[0.430, 0.475]",0.306,0.046,"[0.293, 0.319]",6.107,0.366,"[6.003, 6.211]",50
Non-random,1000,0.7,Random,T-learner,Omit covariate,0.447,0.231,"[0.382, 0.513]",0.454,0.070,"[0.434, 0.474]",0.311,0.039,"[0.300, 0.322]",5.164,0.296,"[5.080, 5.249]",50
Non-random,1000,0.7,Random,X-learner,Omit covariate,0.379,0.247,"[0.309, 0.449]",0.353,0.047,"[0.339, 0.366]",0.202,0.021,"[0.196, 0.208]",4.578,0.193,"[4.524, 4.633]",50
Non-random,1000,0.7,Random,DR-learner,Omit covariate,0.385,0.238,"[0.317, 0.453]",0.438,0.064,"[0.420, 0.456]",0.262,0.034,"[0.252, 0.272]",4.941,0.299,"[4.856, 5.026]",50
Non-random,1000,0.7,Core,S-learner,Omit covariate,0.660,0.158,"[0.615, 0.705]",0.485,0.073,"[0.465, 0.506]",0.309,0.059,"[0.292, 0.326]",3.597,0.188,"[3.544, 3.651]",50
Non-random,1000,0.7,Core,T-learner,Omit covariate,0.578,0.297,"[0.493, 0.662]",0.512,0.089,"[0.487, 0.537]",0.361,0.062,"[0.344, 0.379]",4.057,0.412,"[3.939, 4.174]",50
Non-random,1000,0.7,Core,X-learner,Omit covariate,0.586,0.214,"[0.526, 0.647]",0.475,0.049,"[0.462, 0.489]",0.274,0.032,"[0.265, 0.283]",3.549,0.221,"[3.486, 3.612]",50
Non-random,1000,0.7,Core,DR-learner,Omit covariate,0.555,0.220,"[0.492, 0.617]",0.473,0.057,"[0.456, 0.489]",0.309,0.055,"[0.293, 0.324]",3.751,0.319,"[3.661, 3.842]",50
Non-random,1000,0.7,Edge,S-learner,Omit covariate,0.693,0.097,"[0.665, 0.720]",0.539,0.076,"[0.517, 0.561]",0.442,0.132,"[0.405, 0.480]",4.733,0.399,"[4.620, 4.847]",50
Non-random,1000,0.7,Edge,T-learner,Omit covariate,0.705,0.107,"[0.675, 0.736]",0.524,0.075,"[0.502, 0.545]",0.451,0.113,"[0.419, 0.483]",4.655,0.456,"[4.526, 4.785]",50
Non-random,1000,0.7,Edge,X-learner,Omit covariate,0.627,0.142,"[0.586, 0.667]",0.439,0.068,"[0.420, 0.459]",0.264,0.076,"[0.242, 0.285]",3.419,0.268,"[3.343, 3.495]",50
Non-random,1000,0.7,Edge,DR-learner,Omit covariate,0.551,0.276,"[0.472, 0.629]",0.501,0.097,"[0.473, 0.528]",0.366,0.135,"[0.327, 0.404]",4.134,0.401,"[4.020, 4.248]",50
